{
	"format_version": "1.8.0",
	"animations": {
		"animation.roggenrola.ground_idle": {
			"loop": true,
			"bones": {
				"horn": {
					"rotation": ["-15+2*math.sin(q.anim_time*90*4-80)", 0, "1*math.sin(q.anim_time*90*2)"]
				},
				"feet_left": {
					"rotation": [0, -45, 0],
					"position": [0, 0, 0]
				},
				"feet_right": {
					"rotation": [0, 42.5, 0]
				},
				"torso": {
					"rotation": ["0.4*math.sin(q.anim_time*90*4)", 0, "0.3*math.sin(q.anim_time*90*1)"],
					"position": [0, "0.1*math.sin(q.anim_time*90*3)", 0]
				}
			}
		},
		"animation.roggenrola.faint": {
			"animation_length": 3,
			"bones": {
				"horn": {
					"rotation": {
						"0.0": [-16.96962, 0, 0],
						"0.25": {
							"pre": [-29.37653, 2.45747, 4.35574],
							"post": [-29.37653, 2.45747, 4.35574],
							"lerp_mode": "catmullrom"
						},
						"0.8333": {
							"post": [-28.88495, -6.11252, -10.92435],
							"lerp_mode": "catmullrom"
						},
						"1.0": {
							"post": [46.11505, -6.11252, -10.92435],
							"lerp_mode": "catmullrom"
						},
						"1.25": {
							"post": [-28.88, -6.11, -10.92],
							"lerp_mode": "catmullrom"
						},
						"1.3333": {
							"post": [-3.88, -6.11, -10.92],
							"lerp_mode": "catmullrom"
						},
						"1.4583": [-13.88, -6.11, -10.92],
						"1.5417": [-11.38, -6.11, -10.92],
						"1.625": [-13.88, -6.11, -10.92]
					},
					"position": {
						"0.0": [0, 0, 0],
						"1.1667": [0, 0, 0]
					}
				},
				"feet_left": {
					"rotation": {
						"0.0": [0, -45, 0],
						"0.5": [18.88172, -41.64114, -27.23631],
						"0.625": [0, -45, 0],
						"0.7917": {
							"pre": [0, -45, 0],
							"post": [0, -45, 0],
							"lerp_mode": "catmullrom"
						},
						"0.9583": {
							"post": [16.18207, -35.1363, 1.8299],
							"lerp_mode": "catmullrom"
						},
						"1.0833": {
							"post": [2.04014, -29.957, -2.7874],
							"lerp_mode": "catmullrom"
						},
						"1.1667": [-1.87537, -34.05723, -15.05125],
						"1.25": [2.30585, -39.94987, -3.24943],
						"1.3333": [2.15665, -34.95365, -3.00429]
					},
					"position": {
						"0.0": [0, 0, 0],
						"0.25": [0, 0.5, -0.95],
						"0.625": [0, 0, -2],
						"0.7917": {
							"pre": [0, 0, -2],
							"post": [0, 0, -2],
							"lerp_mode": "catmullrom"
						},
						"0.9583": {
							"post": [0, 1.25, -2],
							"lerp_mode": "catmullrom"
						},
						"1.0833": {
							"post": [0, 0, -2],
							"lerp_mode": "catmullrom"
						},
						"1.1667": [0, 1, -2.25],
						"1.25": [-0.25, 0, -2.25],
						"1.2917": [-0.25, 0.1, -2.33],
						"1.3333": [-0.25, -0.03, -2.4],
						"1.375": [-0.25, 0.08, -2.47],
						"1.4167": [-0.25, 0, -2.55]
					}
				},
				"feet_right": {
					"rotation": {
						"0.0": [0, 42.5, 0],
						"1.0": {
							"pre": [0, 67.5, 0],
							"post": [0, 67.5, 0],
							"lerp_mode": "catmullrom"
						},
						"1.0833": {
							"post": [-40, 55, 0],
							"lerp_mode": "catmullrom"
						},
						"1.1667": {
							"post": [-40, 55, 0],
							"lerp_mode": "catmullrom"
						},
						"1.25": {
							"post": [15, 55, 0],
							"lerp_mode": "catmullrom"
						},
						"1.2917": [7.5, 55, 0],
						"1.3333": [2.5, 55, 0]
					},
					"position": {
						"0.0": [0, 0, 0],
						"0.875": [1.01459, 0, 1.72354],
						"1.0": {
							"pre": [0, 0, 0],
							"post": [0, 0, 0],
							"lerp_mode": "catmullrom"
						},
						"1.0833": {
							"post": [0, 2.5, 0],
							"lerp_mode": "catmullrom"
						},
						"1.1667": {
							"post": [0, 3, 0.5],
							"lerp_mode": "catmullrom"
						},
						"1.25": {
							"post": [0, 0.5, 0.5],
							"lerp_mode": "catmullrom"
						},
						"1.2917": [0, 1.1, 0.5],
						"1.3333": [-0.5, 0, 0],
						"1.4167": [-0.5, 0.2, 0],
						"1.4583": [-0.5, 0.1, 0]
					}
				},
				"torso": {
					"rotation": {
						"0.0": [0, 0, 0],
						"0.2917": {
							"pre": [2.29049, -0.66806, -1.61814],
							"post": [2.29049, -0.66806, -1.61814],
							"lerp_mode": "catmullrom"
						},
						"0.375": {
							"post": [2.21534, -0.95868, -2.08025],
							"lerp_mode": "catmullrom"
						},
						"0.4167": {
							"post": [2.09771, -5.07907, -2.37895],
							"lerp_mode": "catmullrom"
						},
						"0.4583": {
							"post": [1.92907, -4.24137, -2.51778],
							"lerp_mode": "catmullrom"
						},
						"0.5": {
							"post": [1.73087, -9.01705, -2.8943],
							"lerp_mode": "catmullrom"
						},
						"0.5417": {
							"post": [1.46787, -5.87618, -3.08913],
							"lerp_mode": "catmullrom"
						},
						"0.5833": {
							"post": [2.31378, -8.16203, -1.92009],
							"lerp_mode": "catmullrom"
						},
						"0.9167": {
							"post": [20.68295, 23.62206, 10.69849],
							"lerp_mode": "catmullrom"
						},
						"1.0833": [-89.68924, 36.54567, -1.53436],
						"1.125": [-74.18907, 31.0182, 3.46083],
						"1.1667": [-91.93915, 33.78194, 0.96324],
						"1.2083": [-89.68924, 36.54567, -1.53436],
						"1.2917": [-87.18924, 36.54567, -1.53436],
						"1.375": [-92.18924, 36.54567, -1.53436],
						"1.4167": [-94.68924, 36.54567, -1.53436]
					},
					"position": {
						"0.0": [0, 0, 0],
						"0.4167": {
							"pre": [-0.5, 0, -1],
							"post": [-0.5, 0, -1],
							"lerp_mode": "catmullrom"
						},
						"0.625": {
							"post": [-0.5, 0, -0.5],
							"lerp_mode": "catmullrom"
						},
						"0.875": {
							"post": [-0.5, 0, -0.5],
							"lerp_mode": "catmullrom"
						},
						"1.0417": {
							"post": [0.65, 4.09, 0.55],
							"lerp_mode": "catmullrom"
						},
						"1.125": [1.25, 2.25, 1],
						"1.1667": [1.38, 2.75, 1.25],
						"1.25": [1.75, 2.25, 2],
						"1.2917": [1.89142, 2.5, 2.14142],
						"1.3333": [2.10355, 2.25, 2.35355],
						"1.375": [2.17426, 2.5, 2.42426],
						"1.5": [2.66924, 2.25, 2.91924]
					}
				},
				"body": {
					"rotation": {
						"0.0": [0, 0, 0],
						"1.2917": [0, -45, 0]
					},
					"position": {
						"0.0": [0, 0, 0],
						"0.4583": [0, 0, 0],
						"0.5833": [0, 0, -0.5],
						"0.9167": [0, 0, -0.5],
						"1.0833": [0, 0, 0.25]
					}
				}
			}
		},
		"animation.roggenrola.battle_idle": {
			"loop": true,
			"bones": {
				"horn": {
					"rotation": ["-20+2*math.sin(q.anim_time*90*8-80)", 0, "4*math.sin(q.anim_time*90*2-40)"]
				},
				"feet_left": {
					"rotation": ["math.clamp(-5*math.sin(q.anim_time*90*2),0,5)", -45, 0],
					"position": [0, "math.clamp(-0.4*math.sin(q.anim_time*90*2),0,1)", 0]
				},
				"feet_right": {
					"rotation": ["math.clamp(5*math.sin(q.anim_time*90*2),0,5)", 42.5, 0],
					"position": [0, "math.clamp(0.4*math.sin(q.anim_time*90*2),0,1)", 0]
				},
				"torso": {
					"rotation": ["5+0.4*math.sin(q.anim_time*90*8)", "8*math.sin(q.anim_time*90*2+20)", "4*math.sin(q.anim_time*90*2)"],
					"position": ["0.3*math.sin(q.anim_time*90*2)", "0.1*math.sin(q.anim_time*90*8)", 0]
				}
			}
		},
		"animation.roggenrola.ground_walk": {
			"loop": true,
			"animation_length": 4,
			"bones": {
				"horn": {
					"rotation": ["-15-5*math.sin(q.anim_time*90*6-30)", 0, "2*math.sin(q.anim_time*90*9-30)+2*math.sin(q.anim_time*90*12-30)"]
				},
				"feet_left": {
					"rotation": {
						"0.0": [3.31, "-45.7916-10*math.sin(q.anim_time*90*4)", -0.67],
						"0.25": [2.4, "-45.7916-10*math.sin(q.anim_time*90*4)", -0.67],
						"0.4167": [11.79814, "-45.7916-10*math.sin(q.anim_time*90*4)", -0.66978],
						"0.5": [-9.3363, "-45.7916-10*math.sin(q.anim_time*90*4)", -0.66562],
						"0.7083": [-36.8363, "-45.7916-10*math.sin(q.anim_time*90*4)", -0.66562],
						"0.7917": [4.06044, "-45.7916-10*math.sin(q.anim_time*90*4)", -0.66562],
						"1.0": [3.31, "-45.7916-10*math.sin(q.anim_time*90*4)", -0.67],
						"1.25": [2.4, "-45.7916-10*math.sin(q.anim_time*90*4)", -0.67],
						"1.4167": [11.79814, "-45.7916-10*math.sin(q.anim_time*90*4)", -0.66978],
						"1.5": [-9.3363, "-45.7916-10*math.sin(q.anim_time*90*4)", -0.66562],
						"1.7083": [-36.8363, "-45.7916-10*math.sin(q.anim_time*90*4)", -0.66562],