{
	"format_version": "1.8.0",
	"animations": {
		"animation.crabominable.ground_idle": {
			"loop": true,
			"bones": {
				"torso": {
					"rotation": [5, 0, 0]
				},
				"arm_right": {
					"rotation": [-61.04835, -19.03771, 6.24605]
				},
				"arm_right2": {
					"rotation": [-33.5129, -37.15855, 25.41377]
				},
				"hand_right": {
					"rotation": [0, -25, -15]
				},
				"arm_left": {
					"rotation": [-61.04835, 19.03771, -6.24605]
				},
				"arm_left2": {
					"rotation": [-33.5129, 37.15855, -25.41377]
				},
				"hand_left": {
					"rotation": [0, 25, 15]
				}
			}
		},
		"animation.crabominable.ground_walk": {
			"loop": true,
			"animation_length": 0.5,
			"bones": {
				"head": {
					"rotation": [15, 0, 0]
				},
				"fang_left": {
					"rotation": [0, -12.5, 0]
				},
				"fang_right": {
					"rotation": [0, 12.5, 0]
				},
				"horn": {
					"rotation": [20, 0, 0]
				},
				"legfront_left": {
					"rotation": {
						"0.0": [-0.7522, -25.11578, -14.51565],
						"0.125": [0, 3.75, -14],
						"0.25": [0, 12.5, 0],
						"0.375": [0, -18.75, -3],
						"0.5": [-0.7522, -25.11578, -14.51565]
					}
				},
				"legfront_left2": {
					"rotation": [0, 0, 52]
				},
				"legmiddle_left2": {
					"rotation": [0, 0, 52]
				},
				"legmiddle_left": {
					"rotation": {
						"0.0": [-2.61435, 9.91358, -1.31845],
						"0.125": [12.66253, -10.09152, -3.9374],
						"0.25": [14.8968, -5.30767, -13.89137],
						"0.375": [2.2227, 4.83983, -14.50942],
						"0.5": [-2.61435, 9.91358, -1.31845]
					}
				},
				"legback_left": {
					"rotation": {
						"0.0": [-0.7522, -25.11578, -14.51565],
						"0.125": [0, 3.75, -14],
						"0.25": [0, 12.5, 0],
						"0.375": [0, -18.75, -3],
						"0.5": [-0.7522, -25.11578, -14.51565]
					}
				},
				"legback_left2": {
					"rotation": [0, 0, 52]
				},
				"legfront_right": {
					"rotation": {
						"0.0": [0, -12.5, 0],
						"0.125": [0, 18.75, 3],
						"0.25": [-0.7522, 25.11578, 14.51565],
						"0.375": [0, -3.75, 14],
						"0.5": [0, -12.5, 0]
					}
				},
				"legfront_right2": {
					"rotation": [0, 0, -52]
				},
				"legmiddle_right": {
					"rotation": {
						"0.0": [14.8968, 5.30767, 13.89137],
						"0.125": [2.2227, -4.83983, 14.50942],
						"0.25": [-2.61435, -9.91358, 1.31845],
						"0.375": [12.66253, 10.09152, 3.9374],
						"0.5": [14.8968, 5.30767, 13.89137]
					}
				},
				"legmiddle_right2": {
					"rotation": [0, 0, -52]
				},
				"legback_right": {
					"rotation": {
						"0.0": [0, -12.5, 0],
						"0.125": [0, 18.75, 3],
						"0.25": [-0.7522, 25.11578, 14.51565],
						"0.375": [0, -3.75, 14],
						"0.5": [0, -12.5, 0]
					}
				},
				"legback_right2": {
					"rotation": [0, 0, -52]
				},
				"torso_pattern_left": {
					"rotation": [0, 0, 0]
				},
				"torso_pattern_right": {
					"rotation": [0, 0, 0]
				},
				"torso": {
					"rotation": [5, 0, "Math.cos((query.anim_time) * 90 * 8) * -2"],
					"position": [0, "Math.cos((query.anim_time) * 90 * 8*2) * 0.2", 0]
				},
				"body": {
					"rotation": [5, 0, "Math.cos((query.anim_time) * 90 * 8) * -2"],
					"position": [0, "Math.cos((query.anim_time) * 90 * 8*2) * 0.2", 0]
				},
				"leftleg": {
					"rotation": {
						"0.0": [-0.7522, -25.11578, -14.51565],
						"0.125": [0, 3.75, -14],
						"0.25": [0, 12.5, 0],
						"0.375": [0, -18.75, -3],
						"0.5": [-0.7522, -25.11578, -14.51565]
					}
				},
				"leftleg2": {
					"rotation": {
						"0.0": [-2.61435, 9.91358, -1.31845],
						"0.125": [12.66253, -10.09152, -3.9374],
						"0.25": [14.8968, -5.30767, -13.89137],
						"0.375": [2.2227, 4.83983, -14.50942],
						"0.5": [-2.61435, 9.91358, -1.31845]
					}
				},
				"rightleg": {
					"rotation": {
						"0.0": [14.8968, 5.30767, 13.89137],
						"0.125": [2.2227, -4.83983, 14.50942],
						"0.25": [-2.61435, -9.91358, 1.31845],
						"0.375": [12.66253, 10.09152, 3.9374],
						"0.5": [14.8968, 5.30767, 13.89137]
					}
				},
				"rightleg2": {
					"rotation": {
						"0.0": [0, -12.5, 0],
						"0.125": [0, 18.75, 3],
						"0.25": [-0.7522, 25.11578, 14.51565],
						"0.375": [0, -3.75, 14],
						"0.5": [0, -12.5, 0]
					}
				},
				"leg_front_left": {
					"rotation": {
						"0.0": [-0.7522, -25.11578, -14.51565],
						"0.125": [0, 3.75, -14],
						"0.25": [0, 12.5, 0],
						"0.375": [0, -18.75, -3],
						"0.5": [-0.7522, -25.11578, -14.51565]
					}
				},
				"leg_front_right": {
					"rotation": {
						"0.0": [14.8968, 5.30767, 13.89137],
						"0.125": [2.2227, -4.83983, 14.50942],
						"0.25": [-2.61435, -9.91358, 1.31845],
						"0.375": [12.66253, 10.09152, 3.9374],
						"0.5": [14.8968, 5.30767, 13.89137]
					}
				},
				"leg_back_right": {
					"rotation": {
						"0.0": [0, -12.5, 0],
						"0.125": [0, 18.75, 3],
						"0.25": [-0.7522, 25.11578, 14.51565],
						"0.375": [0, -3.75, 14],
						"0.5": [0, -12.5, 0]
					}
				},
				"leg_back_left": {
					"rotation": {
						"0.0": [-2.61435, 9.91358, -1.31845],
						"0.125": [12.66253, -10.09152, -3.9374],
						"0.25": [14.8968, -5.30767, -13.89137],
						"0.375": [2.2227, 4.83983, -14.50942],
						"0.5": [-2.61435, 9.91358, -1.31845]
					}
				}
			}
		},
		"animation.crabominable.blink": {
			"animation_length": 0.1667,
			"bones": {
				"eyelid_left": {
					"position": {
						"0.0": [0, 0, -0.1],
						"0.125": [0, 0, -0.1],
						"0.1667": [0, 0, 0]
					}
				},
				"eyelid_right": {
					"position": {
						"0.0": [0, 0, -0.1],
						"0.125": [0, 0, -0.1],
						"0.1667": [0, 0, 0]
					}
				}
			}
		},
		"animation.crabominable.cry": {
			"animation_length": 1.5,
			"bones": {
				"mouth": {
					"position": {
						"0.0": [0, 0, 0],
						"0.25": [0, -2, 0],
						"1.25": [0, -2, 0],
						"1.5": [0, 0, 0]
					}
				},
				"mouth2": {
					"position": {
						"0.0": [0, 0, 0],
						"0.25": [0, -5, 0],
						"1.25": [0, -5, 0],
						"1.5": [0, 0, 0]
					}
				},
				"jaw": {
					"position": {
						"0.0": [0, 0, 0],
						"0.25": [0, -3, 0],
						"1.25": [0, -3, 0],
						"1.5": [0, 0, 0]
					}
				},
				"head2": {
					"rotation": {
						"0.0": [0, 0, 0],
						"0.25": [-15, 0, 0],
						"1.25": [-15, 0, 0],
						"1.5": [0, 0, 0]
					}
				},
				"mouth_closed2": {
					"position": {
						"0.25": [0, 0, -0.1],
						"0.3333": [0, 0, 0],
						"1.1667": [0, 0, 0],
						"1.25": [0, 0, -0.1]
					}
				},
				"mouth_open2": {
					"position": {
						"0.0": [0, 0, 0.1],
						"0.25": [0, 0, 0],
						"1.25": [0, 0, 0],
						"1.5": [0, 0, 0.1]
					}
				},
				"head3": {
					"rotation": {
						"0.0": [0, 0, 0],
						"0.25": [-15, 0, 0],
						"1.25": [-15, 0, 0],
						"1.5": [0, 0, 0]
					}
				},
				"mouth_closed3": {
					"position": {
						"0.25": [0, 0, -0.1],
						"0.3333": [0, 0, 0],
						"1.1667": [0, 0, 0],
						"1.25": [0, 0, -0.1]
					}
				},
				"mouth_open3": {
					"position": {
						"0.0": [0, 0, 0.1],
						"0.25": [0, 0, 0],
						"1.25": [0, 0, 0],
						"1.5": [0, 0, 0.1]
					}
				},
				"neck": {
					"rotation": {
						"0.0": [0, 0, 0],
						"0.25": [10, 0, 0],
						"1.25": [10, 0, 0],
						"1.5": [0, 0, 0]
					}
				},
				"mouth_open": {
					"position": {
						"0.0": [0, 0, 0],
						"0.25": [0, 0, -0.1],
						"1.25": [0, 0, -0.1],
						"1.5": [0, 0, 0]
					}
				},
				"mouth_closed": {
					"position": {
						"0.25": [0, 0, 0],
						"0.3333": [0, 0, 0.1],
						"1.1667": [0, 0, 0.1],
						"1.25": [0, 0, 0]
					}
				},
				"head": {
					"rotation": {
						"0.0": [0, 0, 0],
						"0.25": [-7.5, 0, 0],
						"1.25": [-7.5, 0, 0],
						"1.5": [0, 0, 0]
					}
				},
				"mouth_hair": {
					"rotation": {
						"0.0": [0, 0, 0],
						"0.25": [30, 0, 0],
						"1.25": [30, 0, 0],
						"1.5": [0, 0, 0]
					}
				}
			}
		}
	}
}