{
	"format_version": "1.8.0",
	"animations": {
		"animation.dragonair.ground_idle": {
			"loop": true,
			"bones": {
				"body": {
					"position": [0, 1, 0]
				},
				"neck": {
					"rotation": [-10, 0, 0]
				},
				"gem": {
					"rotation": [-15, 0, 0]
				},
				"head": {
					"rotation": [15, 0, 0]
				},
				"segment1": {
					"rotation": [-17.49088, 10.27748, 0.00804]
				},
				"segment2": {
					"rotation": [20.3407, 11.55793, 3.57608]
				},
				"segment3": {
					"rotation": [42.15073, 24.42283, -1.24131]
				},
				"segment4": {
					"rotation": [39.75386, -5.29571, 5.31847]
				},
				"segment5": {
					"rotation": [-0.11554, -0.42219, 29.98124]
				},
				"segment6": {
					"rotation": [-1.36259, -2.45586, 32.41091]
				},
				"segment7": {
					"rotation": [0, 0, 42.5]
				},
				"segment8": {
					"rotation": [17.55501, -0.87703, 389.90863]
				},
				"segment9": {
					"rotation": [30.27273, -0.85406, 27.41494]
				},
				"segment10": {
					"rotation": [16.50613, 1.70246, 29.92188]
				},
				"mouth": {
					"position": [0, 0, 0]
				}
			}
		},
		"animation.dragonair.blink": {
			"animation_length": 0.16667,
			"bones": {
				"eyelid_left": {
					"position": {
						"0.0": [0.1, 0, 0],
						"0.125": [0.1, 0, 0],
						"0.1667": [0, 0, 0]
					}
				},
				"eyelid_right": {
					"position": {
						"0.0": [-0.1, 0, 0],
						"0.125": [-0.1, 0, 0],
						"0.1667": [0, 0, 0]
					}
				}
			}
		}
	}
}