{
	"format_version": "1.8.0",
	"animations": {
		"animation.bergmite.ground_idle": {
			"loop": true,
			"bones": {
				"leg_front_left": {
					"rotation": [-4.98107, -0.43523, -4.98107]
				},
				"leg_back_left": {
					"rotation": [5, 0, -5]
				},
				"horn_front": {
					"rotation": [2.5, 0, 0]
				},
				"leg_front_right": {
					"rotation": [-4.98107, 0.43523, 4.98107]
				},
				"leg_back_right": {
					"rotation": [5, 0, 5]
				},
				"torso": {
					"rotation": ["1*math.sin(q.anim_time*90*4+60)", 0, "2*math.cos(q.anim_time*90*2)"],
					"position": [0, "0.1*math.sin(q.anim_time*90*4-30)", 0]
				}
			}
		},
		"animation.bergmite.battle_idle": {
			"loop": true,
			"animation_length": 4,
			"bones": {
				"leg_front_left": {
					"rotation": {
						"0.0": [-4.98107, -0.43523, -4.98107],
						"0.5": [17.52, -0.44, -4.98],
						"0.5833": [-4.98, -0.44, -4.98],
						"2.0": [-4.98107, -0.43523, -4.98107],
						"2.5": [17.52, -0.44, -4.98],
						"2.5833": [-4.98, -0.44, -4.98],
						"4.0": [-4.98107, -0.43523, -4.98107]
					},
					"position": {
						"0.0": [0.75, 0, -0.5],
						"0.5": [0.75, 1, -0.5],
						"0.5833": [0.75, 0, -0.5],
						"0.625": [0.75, 0.11, -0.5],
						"0.6667": [0.75, 0.01, -0.5],
						"2.0": [0.75, 0, -0.5],
						"2.5": [0.75, 1, -0.5],
						"2.5833": [0.75, 0, -0.5],
						"2.625": [0.75, 0.11, -0.5],
						"2.6667": [0.75, 0.01, -0.5],
						"4.0": [0.75, 0, -0.5]
					}
				},
				"leg_back_left": {
					"rotation": [5, 0, -5]
				},
				"horn_front": {
					"rotation": [2.5, 0, 0]
				},
				"leg_front_right": {
					"rotation": {
						"0.0": [-4.98107, 0.43523, 4.98107],
						"1.0417": [-4.98, 0.44, 4.98],
						"1.5": [20.02, 0.44, 4.98],
						"1.5833": [-4.98, 0.44, 4.98],
						"2.0": [-4.98107, 0.43523, 4.98107],
						"3.0417": [-4.98, 0.44, 4.98],
						"3.5": [20.02, 0.44, 4.98],
						"3.5833": [-4.98, 0.44, 4.98],
						"4.0": [-4.98107, 0.43523, 4.98107]
					},
					"position": {
						"0.0": [-0.75, 0, -0.5],
						"1.0417": [-0.75, 0, -0.5],
						"1.5": [-0.75, 1, -0.5],
						"1.5833": [-0.75, 0, -0.5],
						"1.625": [-0.75, 0.1, -0.5],
						"1.6667": [-0.75, 0, -0.5],
						"2.0": [-0.75, 0, -0.5],
						"3.0417": [-0.75, 0, -0.5],
						"3.5": [-0.75, 1, -0.5],
						"3.5833": [-0.75, 0, -0.5],
						"3.625": [-0.75, 0.1, -0.5],
						"3.6667": [-0.75, 0, -0.5],
						"4.0": [-0.75, 0, -0.5]
					}
				},
				"leg_back_right": {
					"rotation": [5, 0, 5]
				},
				"torso": {
					"rotation": ["2.5+0.5*math.sin(q.anim_time*90*5+60)", 0, "0+2*math.cos(q.anim_time*90*2)"],
					"position": [0, "0.1*math.sin(q.anim_time*90*6-30)", 0]
				},
				"tail": {
					"rotation": ["3*math.sin(q.anim_time*90*1)", "2*math.sin(q.anim_time*90*6-30)", 0]
				}
			}
		},
		"animation.bergmite.ground_walk": {
			"loop": true,
			"animation_length": 4,
			"bones": {
				"body": {
					"rotation": [0, 0, 0]
				},
				"torso": {
					"rotation": ["-2.5+3*math.cos(q.anim_time*90*4)", "0+2*math.cos(q.anim_time*90*2)", "3*math.cos(q.anim_time*90*2+80)"],
					"position": {
						"0.0": [0, 0, 0],
						"0.0833": [0, -0.25, 0],
						"0.2917": [0, 0, 0],
						"1.0": [0, 0, 0],
						"1.0833": [0, -0.25, 0],
						"1.2917": [0, 0, 0],
						"2.0": [0, 0, 0],
						"2.0833": [0, -0.25, 0],
						"2.2917": [0, 0, 0],
						"3.0": [0, 0, 0],
						"3.0833": [0, -0.25, 0],
						"3.2917": [0, 0, 0],
						"4.0": [0, 0, 0]
					}
				},
				"leg_front_left": {
					"rotation": {
						"0.0": {
							"post": [7.52, -0.44, -4.98],
							"lerp_mode": "catmullrom"
						},
						"0.3333": {
							"post": [24.61214, -0.43877, -4.98028],
							"lerp_mode": "catmullrom"
						},
						"0.8333": {
							"post": [-17.48107, -0.43523, -4.98107],
							"lerp_mode": "catmullrom"
						},
						"0.9167": {
							"post": [-17.48107, -0.43523, -4.98107],
							"lerp_mode": "catmullrom"
						},
						"1.0": {
							"post": [-4.98107, -0.43523, -4.98107],
							"lerp_mode": "catmullrom"
						},
						"2.0": {
							"post": [7.52, -0.44, -4.98],
							"lerp_mode": "catmullrom"
						},
						"2.3333": {
							"post": [24.61214, -0.43877, -4.98028],
							"lerp_mode": "catmullrom"
						},
						"2.8333": {
							"post": [-17.48107, -0.43523, -4.98107],
							"lerp_mode": "catmullrom"
						},
						"2.9167": {
							"post": [-17.48107, -0.43523, -4.98107],
							"lerp_mode": "catmullrom"
						},
						"3.0": {
							"post": [-4.98107, -0.43523, -4.98107],
							"lerp_mode": "catmullrom"
						},
						"4.0": {
							"post": [7.52, -0.44, -4.98],
							"lerp_mode": "catmullrom"
						}
					},
					"position": {
						"0.0": {
							"post": [0, 0, 1],
							"lerp_mode": "catmullrom"
						},
						"0.8333": {
							"post": [0, 1, -0.5],
							"lerp_mode": "catmullrom"
						},
						"0.9167": {
							"post": [0, 1, -0.5],
							"lerp_mode": "catmullrom"
						},
						"1.0": {
							"post": [0, 0, 0],
							"lerp_mode": "catmullrom"
						},
						"2.0": {
							"post": [0, 0, 1],
							"lerp_mode": "catmullrom"
						},
						"2.8333": {
							"post": [0, 1, -0.5],
							"lerp_mode": "catmullrom"
						},
						"2.9167": {
							"post": [0, 1, -0.5],
							"lerp_mode": "catmullrom"
						},
						"3.0": {
							"post": [0, 0, 0],
							"lerp_mode": "catmullrom"
						},
						"4.0": {
							"post": [0, 0, 1],
							"lerp_mode": "catmullrom"
						}
					}
				},
				"leg_front_right": {
					"rotation": {
						"0.0": {
							"post": [-4.98107, 0.43523, 4.98107],
							"lerp_mode": "catmullrom"
						},
						"1.0": {
							"post": [7.52, 0.44, 4.98],
							"lerp_mode": "catmullrom"
						},
						"1.3333": {
							"post": [24.61214, 0.43877, 4.98028],
							"lerp_mode": "catmullrom"
						},
						"1.8333": {
							"post": [-17.48107, 0.43523, 4.98107],
							"lerp_mode": "catmullrom"
						},
						"1.9167": {
							"post": [-17.48107, 0.43523, 4.98107],
							"lerp_mode": "catmullrom"
						},
						"2.0": {
							"post": [-4.98107, 0.43523, 4.98107],
							"lerp_mode": "catmullrom"
						},
						"3.0": {
							"post": [7.52, 0.44, 4.98],
							"lerp_mode": "catmullrom"
						},
						"3.3333": {
							"post": [24.61214, 0.43877, 4.98028],
							"lerp_mode": "catmullrom"
						},
						"3.8333": {
							"post": [-17.48107, 0.43523, 4.98107],
							"lerp_mode": "catmullrom"
						},
						"3.9167": {
							"post": [-17.48107, 0.43523, 4.98107],
							"lerp_mode": "catmullrom"
						},
						"4.0": {
							"post": [-4.98107, 0.43523, 4.98107],
							"lerp_mode": "catmullrom"
						}
					},
					"position": {
						"0.0": {
							"post": [0, 0, 0],
							"lerp_mode": "catmullrom"
						},
						"1.0": {
							"post": [0, 0, 1],
							"lerp_mode": "catmullrom"
						},
						"1.8333": {
							"post": [0, 1, -0.5],
							"lerp_mode": "catmullrom"
						},
						"1.9167": {
							"post": [0, 1, -0.5],
							"lerp_mode": "catmullrom"
						},
						"2.0": {
							"post": [0, 0, 0],
							"lerp_mode": "catmullrom"
						},
						"3.0": {
							"post": [0, 0, 1],
							"lerp_mode": "catmullrom"
						},
						"3.8333": {
							"post": [0, 1, -0.5],
							"lerp_mode": "catmullrom"
						},
						"3.9167": {
							"post": [0, 1, -0.5],
							"lerp_mode": "catmullrom"
						},
						"4.0": {
							"post": [0, 0, 0],
							"lerp_mode": "catmullrom"
						}
					}
				},
				"leg_back_left": {
					"rotation": ["5-10*math.cos(q.anim_time*90*2)", 0, -5],
					"position": [0, "math.clamp(-1*math.sin(q.anim_time*90*2),0,2)", "-1*math.cos(q.anim_time*90*2)"]
				},
				"leg_back_right": {
					"rotation": ["5+10*math.cos(q.anim_time*90*2+60)", 0, 5],
					"position": [0, "math.clamp(1*math.sin(q.anim_time*90*2+60),0,2)", "1*math.cos(q.anim_time*90*2+60)"]
				}
			}
		},
		"animation.bergmite.sleep": {
			"loop": true,
			"bones": {
				"torso": {
					"rotation": ["2.5+1*math.sin(q.anim_time*90*1)", 0, "0.2*math.sin(q.anim_time*90*2)"],