{
	"format_version": "1.8.0",
	"animations": {
		"animation.nosepass.ground_idle": {
			"loop": true,
			"bones": {
				"torso": {
					"rotation": [-10, 0, 0],
					"position": [0, "-0.1*(math.sin(q.anim_time*90*2.5-90)*1+1)", 0]
				},
				"leg_left": {
					"rotation": [0, -7.5, 0]
				},
				"leg_right": {
					"rotation": [0, 7.5, 0]
				},
				"arm_left": {
					"rotation": [12.13263, 44.31455, "81.4221+2*(math.sin(q.anim_time*90*2.5)*1+1)"],
					"position": [0, -1, -2]
				},
				"arm_right": {
					"rotation": [12.13263, -44.31455, "-81.4221-2*(math.sin(q.anim_time*90*2.5)*1+1)"],
					"position": [0, -1, -2]
				}
			}
		},
		"animation.nosepass.ground_sleep": {
			"loop": true,
			"bones": {
				"torso": {
					"rotation": [7.5, 0, 0],
					"position": [0, "-0.1*(math.sin(q.anim_time*90*2-90)*0.6)", 0]
				},
				"leg_left": {
					"rotation": [0, -7.5, 0]
				},
				"leg_right": {
					"rotation": [0, 7.5, 0]
				},
				"arm_left": {
					"rotation": [-0.88528, 5.00129, "78.6469+(math.sin(q.anim_time*90*2)*0.6)"],
					"position": [-1.5, 6, 0]
				},
				"arm_right": {
					"rotation": [-0.88528, -5.00129, "-78.6471-(math.sin(q.anim_time*90*2)*0.6)"],
					"position": [1.5, 6, 0]
				},
				"eyes": {
					"position": [0, 0, 1]
				}
			}
		},
		"animation.nosepass.ground_walk": {
			"loop": true,
			"animation_length": 1,
			"bones": {
				"body": {
					"rotation": {
						"0.0": [0, 0, -7.5],
						"0.0833": [0, 0, 0],
						"0.25": [0, 0, 5.62],
						"0.3333": [0, 0, 7.5],
						"0.5": [0, 0, 7.5],
						"0.625": [0, 0, 0],
						"0.75": [0, 0, -5],
						"0.8333": [0, 0, -7.5],
						"1.0": [0, 0, -7.5]
					},
					"position": {
						"0.0": [-1.4, 0.7, 0],
						"0.0833": [0, 0, 0],
						"0.25": [1.05, 0.53, 0],
						"0.3333": [1.4, 0.7, 0],
						"0.5": [1.4, 0.7, 0],
						"0.625": [0, 0, 0],
						"0.75": [-0.93, 0.47, 0],
						"0.8333": [-1.4, 0.7, 0],
						"1.0": [-1.4, 0.7, 0]
					}
				},
				"torso": {
					"rotation": {
						"0.0": [0, 10, 0],
						"0.0833": [0, 0, 0],
						"0.3333": [0, -15, 0],
						"0.5": [0, -17.5, 0],
						"0.75": [0, 0, 0],
						"0.8333": [0, 7.5, 0],
						"1.0": [0, 10, 0]
					},
					"position": {
						"0.0": [0, 0, 0],
						"0.0833": [0, -0.5, 0],
						"0.125": [0, 0, 0],
						"0.5": [0, 0, 0],
						"0.625": [0, -0.5, 0],
						"0.6667": [0, 0, 0]
					}
				},
				"arm_right": {
					"rotation": {
						"0.0": [12.13, -44.31, -81.42],
						"0.4583": [12.13, -44.31, -81.42],
						"0.5417": [-19.78039, -37.24108, -60.13746],
						"0.9167": [-35.9013, -30.42366, -51.36198],
						"1.0": [-1.80348, -39.80398, -74.64745]
					},
					"position": {
						"0.0": [0, -1, -2],
						"0.0833": [0, -1, -2],
						"0.125": [0, -2, -2],
						"0.2083": [0, -1, -2],
						"0.5": [0, -1, -2],
						"0.625": [0, -1, -2],
						"0.6667": [0, -1.5, -2],
						"0.7083": [0, -1, -2]
					}
				},
				"arm_left": {
					"rotation": {
						"0.0": [12.13263, 44.31455, 81.4221],
						"0.0833": [-18.97587, 36.01813, 61.01346],
						"0.5": [-35.00918, 29.42306, 52.88431],
						"0.625": [12.13263, 44.31455, 81.4221]
					},
					"position": {
						"0.0": [0, -1, -2],
						"0.0833": [0, -1, -2],
						"0.125": [0, -2, -2],
						"0.2083": [0, -1, -2],
						"0.5": [0, -1, -2],
						"0.625": [0, -1, -2],
						"0.6667": [0, -1.5, -2],
						"0.7083": [0, -1, -2]
					}
				},
				"leg_right": {
					"rotation": {
						"0.0": [0, 10, 0],
						"0.3333": [0, -15, 0],
						"0.5": [0, -17.5, 0],
						"0.625": [0, -7.5, 0],
						"0.8333": [0, 7.5, 0],
						"1.0": [0, 10, 0]
					},
					"position": {
						"0.0": [0, 0, 2],
						"0.3333": [0, 1, -2],
						"0.5": [0.75, 1, -3],
						"0.625": [0.5, 0, -3],
						"0.8333": [0, 0, 0],
						"1.0": [0, 0, 2]
					}
				},
				"leg_left": {
					"rotation": {
						"0.0": [-1.31845, 9.91358, -0.11435],
						"0.0833": [-1.29859, -0.0864, -0.11264],
						"0.5": [-3.62119, -17.43644, 0.24528],
						"0.625": [-0.47679, -17.42462, 0.80316],
						"1.0": [-1.31845, 9.91358, -0.11435]
					},
					"position": {
						"0.0": [0, 1, -3],
						"0.0833": [0, 0, -2],
						"0.5": [-1, 0, 3],
						"0.7083": [-0.6, 1.4, 0.6],
						"1.0": [0, 1, -3]
					}
				}
			}
		},
		"animation.nosepass.faint": {
			"loop": true,
			"animation_length": 3,
			"bones": {
				"torso": {
					"rotation": {
						"0.0": [12.5, 0, 0],
						"0.0417": [-12.5, 0, 0],
						"0.125": [-17.5, 0, 0],
						"0.25": [-17.5, 0, 0],
						"0.375": [-12.5, 0, 0],
						"0.4583": [0, 0, 0],
						"1.7083": [0, 0, 0],
						"1.8333": [-12.5, 0, 0],
						"1.9583": [-102.5, 0, 0],
						"2.0": [-82.5, 0, 0],
						"2.0417": [-92.5, 0, 0]
					},
					"position": {
						"0.0": [0, "-0.1*(math.sin(q.anim_time*90*2.5-90)*1+1)", 0],
						"1.7083": [0, "-0.1*(math.sin(q.anim_time*90*2.5-90)*1+1)", 0],
						"2.0": [0, -0.75, 0]
					}
				},
				"leg_left": {
					"rotation": {
						"0.0": [0, -7.5, 0],
						"1.8333": [0, -7.5, 0],
						"1.9583": [-105, -7.5, 0],
						"2.0417": [-112.5, -7.5, 0],
						"2.125": [-67.5, -7.5, 0],
						"2.1667": [-77.5, -7.5, 0]
					},
					"position": {
						"1.8333": [0, 0, 0],
						"1.9583": [0, 4, -3],
						"2.125": [0, 2, -3]
					}
				},
				"leg_right": {
					"rotation": {
						"0.0": [0, 7.5, 0],
						"1.8333": [0, 7.5, 0],
						"1.9583": [-105, 7.5, 0],
						"2.0417": [-110, 7.5, 0],
						"2.125": [-65, 7.5, 0],
						"2.1667": [-82.5, 7.5, 0]
					},
					"position": {
						"1.8333": [0, 0, 0],
						"1.9583": [0, 4, -3],
						"2.125": [0, 2, -3]
					}
				},
				"arm_left": {
					"rotation": {
						"0.0": [12.13263, 44.31455, "81.4221+2*(math.sin(q.anim_time*90*2.5)*1+1)"],
						"0.3333": [-24.56513, 34.14672, "25.8077+2*(math.sin(q.anim_time*90*2.5)*1+1)"],
						"1.0833": [-30.10403, 29.54318, "15.3491+2*(math.sin(q.anim_time*90*2.5)*1+1)"],
						"1.5833": [11.53623, 39.81146, "82.6509+2*(math.sin(q.anim_time*90*2.5)*1+1)"],
						"1.7083": [11.54, 39.81, "82.6509+2*(math.sin(q.anim_time*90*2.5)*1+1)"],
						"2.0": [9.91083, -26.76557, 70.7041]
					},
					"position": [0, -1, -2]
				},
				"arm_right": {
					"rotation": {
						"0.0": [12.13263, -44.31455, "-81.4221-2*(math.sin(q.anim_time*90*2.5)*1+1)"],
						"0.3333": [-23.62116, -40.22002, "-30.2112-2*(math.sin(q.anim_time*90*2.5)*1+1)"],
						"1.0": [9.71324, -44.78384, "-77.9775-2*(math.sin(q.anim_time*90*2.5)*1+1)"],
						"1.7083": [-19.55608, -42.06189, "-36.3858-2*(math.sin(q.anim_time*90*2.5)*1+1)"],
						"1.9167": [7.24272, -45.15256, "-74.4823-2*(math.sin(q.anim_time*90*2.5)*1+1)"],
						"2.0": [5.7269, 27.00181, "-66.7263-2*(math.sin(q.anim_time*90*2.5)*1+1)"],
						"2.0417": [5.14027, 7.08962, "-68.6971-2*(math.sin(q.anim_time*90*2.5)*1+1)"],
						"2.0833": [6.01634, 31.97563, -66.1389]
					},
					"position": [0, -1, -2]
				},
				"body": {
					"rotation": {
						"0.0": [0, 0, 0],
						"0.125": [0, 10, 0],
						"0.25": [0, 17.5, 0],
						"0.375": [0, 22.5, 0],
						"0.4167": [0, 37.5, 0],
						"0.4583": [0, 22.5, 0],
						"0.5833": [0, 5, 0],
						"0.7083": [0, -55, 0],
						"0.8333": [0, -72.5, 0],
						"0.9167": [0, -85, 0],
						"0.9583": [0, -72.5, 0],
						"1.0": [0, -80, 0],
						"1.1667": [0, -70, 0],
						"1.2917": [0, -67.5, 0],
						"1.5833": [0, 125, 0],
						"1.7083": [0, 145, 0],
						"1.8333": [0, 150, 0],
						"1.9583": [0, 150, 0],
						"2.0417": [0, 162.5, 0],
						"2.125": [0, 167.5, 0]
					},
					"position": {
						"0.0": [0, 0, 0],
						"0.0417": [0, 0, 1],
						"0.125": [0, 0, 1.65],
						"0.25": [0, 0, -0.09],
						"0.2917": [-2, -1, -0.67],
						"0.3333": [0, 0, -1.25],
						"0.4583": [0, 0, -3],
						"0.5833": [0, 0, -4],
						"0.7083": [4, 0, -1],
						"0.7917": [5, 0, 0],
						"0.9167": [5, 0, 0],
						"0.9583": [4.67, -1, -3],
						"1.0": [4.34, 0, 0],
						"1.0417": [4, 0, 0],
						"1.25": [-2, 0, 0],
						"1.375": [-3, 0, 0],
						"1.5833": [0, 0, -2],