{
	"format_version": "1.8.0",
	"animations": {
		"animation.lombre.idle": {
			"loop": true,
			"bones": {
				"arm_right": {
					"rotation": [0, 0, -47.5]
				},
				"arm_right2": {
					"rotation": [0, -22.5, 0]
				},
				"arm_left": {
					"rotation": [0, 0, 47.5]
				},
				"arm_left2": {
					"rotation": [0, 22.5, 0]
				}
			}
		},
		"animation.lombre.ground_walk": {
			"loop": true,
			"animation_length": 1,
			"bones": {
				"body": {
					"position": [0, -0.25, 0]
				},
				"torso": {
					"rotation": ["17.5+Math.cos((query.anim_time-0.1) * 90 * 8) * 2", 0, "0+Math.cos((query.anim_time) * 90 * 4) * 1"],
					"position": [0, "0+Math.cos((query.anim_time+0.05) * 90 * 8) * 0.3", 0]
				},
				"head": {
					"rotation": ["-12.5+Math.cos((query.anim_time-0.2) * 90 * 8) * -2", 0, "0+Math.cos((query.anim_time-0.2) * 90 * 4) *-2"]
				},
				"arm_right": {
					"rotation": [3.42094, "7.633+Math.cos((query.anim_time) * 90 * 4) * -8", -41.27526]
				},
				"arm_right2": {
					"rotation": [0, "-30+Math.cos((query.anim_time-0.1) * 90 * 4) * -5", 0]
				},
				"arm_left": {
					"rotation": [3.42094, "-7.633+Math.cos((query.anim_time) * 90 * 4) * -8", 41.27526]
				},
				"arm_left2": {
					"rotation": [0, "30+Math.cos((query.anim_time-0.1) * 90 * 4) * -5", 0]
				},
				"hand_left": {
					"rotation": [0, 0, 0]
				},
				"leg_left": {
					"rotation": {
						"0.0": [-47.5, 0, 0],
						"0.125": [-38.5, 0, 0],
						"0.375": [17.5, 0, 0],
						"0.5833": [35, 0, 0],
						"0.75": [16.22064, 1.83133, -2.34902],
						"0.875": [-36.41174, 0.73253, -0.93961],
						"1.0": [-47.5, 0, 0]
					}
				},
				"foot_left": {
					"rotation": {
						"0.0": [22, 0, 0],
						"0.1667": [7.5, 0, 0],
						"0.375": [5, 0, 0],
						"0.5833": [22.5, 0, 0],
						"0.7917": [64.64, 0, 0],
						"0.875": [57.86, 0, 0],
						"1.0": [22, 0, 0]
					}
				},
				"leg_right": {
					"rotation": {
						"0.0": [28, 0, 0],
						"0.0833": [35, 0, 0],
						"0.25": [16.22064, -1.83133, 2.34902],
						"0.375": [-36.41174, -0.73253, 0.93961],
						"0.5": [-47.5, 0, 0],
						"0.625": [-38.5, 0, 0],
						"0.875": [17.5, 0, 0],
						"1.0": [28, 0, 0]
					}
				},
				"foot_right": {
					"rotation": {
						"0.0": [15.5, 0, 0],
						"0.0833": [22.5, 0, 0],
						"0.2917": [64.64, 0, 0],
						"0.375": [57.86, 0, 0],
						"0.5": [22, 0, 0],
						"0.6667": [7.5, 0, 0],
						"0.875": [5, 0, 0],
						"1.0": [15.5, 0, 0]
					}
				}
			}
		},
		"animation.lombre.ground_idle": {
			"loop": true,
			"bones": {
				"arm_right": {
					"rotation": [-0.15346, "0.0101+Math.sin((query.anim_time-0.2) * 90 * 2) * 2", "-39.9985+Math.sin((query.anim_time) * 90 * 2) * -2"]
				},
				"arm_right2": {
					"rotation": [0, -40, 0]
				},
				"arm_left": {
					"rotation": [-0.15346, "-0.0101+Math.sin((query.anim_time-0.2) * 90 * 2) * -2", "39.9985+Math.sin((query.anim_time) * 90 * 2) * 2"]
				},
				"arm_left2": {
					"rotation": [0, 40, 0]
				},
				"body": {
					"position": [0, -1, 0]
				},
				"torso": {
					"rotation": ["17.5+Math.sin((query.anim_time-0.4) * 90 * 2) * 2", 0, 0],
					"position": [0, "0+Math.sin((query.anim_time) * 90 * 2) * 0.2", 0]
				},
				"head": {
					"rotation": ["-15+Math.sin((query.anim_time-0.2) * 90 * 2) * -3", 0, 0]
				},
				"leg_left": {
					"rotation": [-30, -15, 0]
				},
				"foot_left": {
					"rotation": [35, 0, 0]
				},
				"leg_right": {
					"rotation": [-30, 15, 0]
				},
				"foot_right": {
					"rotation": [35, 0, 0]
				}
			}
		},
		"animation.lombre.water_idle": {
			"loop": true,
			"bones": {
				"body": {
					"rotation": ["32.5+Math.sin((query.anim_time) * 90 * 2) * -2", 0, 0],
					"position": [0, "-4+Math.sin((query.anim_time-0.3) * 90 * 2) * -0.3", 0]
				},
				"torso": {
					"rotation": [20, 0, 0]
				},
				"head": {
					"rotation": ["-50+Math.sin((query.anim_time+0.2) * 90 * 2) * 2", 0, 0],
					"position": [0, 0.75, -1]
				},
				"arm_right": {
					"rotation": [-49.10661, "-20.7048+Math.sin((query.anim_time-0.2) * 90 * 2) * 4", 19.70765]
				},
				"arm_right2": {
					"rotation": [0, "-37.5+Math.sin((query.anim_time-0.4) * 90 * 2) * -4", 0]
				},
				"arm_left": {
					"rotation": [-49.10661, "20.7048+Math.sin((query.anim_time-0.2) * 90 * 2) * -4", -19.70765]
				},
				"arm_left2": {
					"rotation": [0, "37.5+Math.sin((query.anim_time-0.4) * 90 * 2) * 4", 0]
				},
				"leg_left": {
					"rotation": ["0+Math.sin((query.anim_time-0.6) * 90 * 2) * 6", 0, -15]
				},
				"foot_left": {
					"rotation": [27.5, 0, 0]
				},
				"leg_right": {
					"rotation": ["0+Math.sin((query.anim_time-0.6) * 90 * 2) * 6", 0, 15]
				},
				"foot_right": {
					"rotation": [27.5, 0, 0]
				}
			}
		},
		"animation.lombre.water_swim": {
			"loop": true,
			"bones": {
				"body": {
					"rotation": ["32.5+Math.sin((query.anim_time) * 90 * 4) * 2", 0, 0],
					"position": [0, "-4+Math.sin((query.anim_time-0.3) * 90 * 4) * -0.3", "0+Math.sin((query.anim_time+0.05) * 90 * 4) * -1.3"]
				},
				"torso": {
					"rotation": [20, 0, 0]
				},
				"head": {
					"rotation": ["-50+Math.sin((query.anim_time+0.2) * 90 * 4) * 2", 0, 0],
					"position": [0, 0.75, -1]
				},
				"arm_right": {
					"rotation": [110.06824, -14.93141, "-38.0287+Math.sin((query.anim_time) * 90 * 4) * -10"]
				},
				"arm_right2": {
					"rotation": [0, "-12.5+Math.sin((query.anim_time-0.36) * 90 * 4) * -10", 0]
				},
				"arm_left": {
					"rotation": [110.06824, 14.93141, "38.0287+Math.sin((query.anim_time) * 90 * 4) * 10"]
				},
				"arm_left2": {
					"rotation": [0, "12.5+Math.sin((query.anim_time-0.36) * 90 * 4) * 10", 0]
				},
				"leg_left": {
					"rotation": ["47.5+Math.sin((query.anim_time-0.5) * 90 * 4) * 9", 0, -15]
				},
				"foot_left": {
					"rotation": [27.5, 0, 0]
				},
				"leg_right": {
					"rotation": ["47.5+Math.sin((query.anim_time-0.5) * 90 * 4) * 9", 0, 15]
				},
				"foot_right": {
					"rotation": [27.5, 0, 0]
				}
			}
		},
		"animation.lombre.cry": {
			"animation_length": 1.5,
			"bones": {
				"head": {
					"rotation": {
						"0.0": {
							"post": [0, 0, 0],
							"lerp_mode": "catmullrom"
						},
						"0.0833": {
							"post": [1.67, 0, 0],
							"lerp_mode": "catmullrom"
						},
						"0.25": {
							"post": [-10, 0, 0],
							"lerp_mode": "catmullrom"
						},
						"1.1667": {
							"post": [-10, 0, 0],
							"lerp_mode": "catmullrom"
						},
						"1.3333": {
							"post": [6.67, 0, 0],
							"lerp_mode": "catmullrom"
						},
						"1.5": {
							"post": [0, 0, 0],
							"lerp_mode": "catmullrom"
						}
					}
				},
				"jaw": {
					"rotation": {
						"0.0": {
							"post": [0, 0, 0],
							"lerp_mode": "catmullrom"
						},
						"0.25": {
							"post": [35, 0, 0],
							"lerp_mode": "catmullrom"
						},
						"1.25": {
							"post": [35, 0, 0],
							"lerp_mode": "catmullrom"
						},
						"1.5": {
							"post": [0, 0, 0],
							"lerp_mode": "catmullrom"
						}
					}
				}
			}
		},
		"animation.lombre.faint": {
			"loop": true,
			"animation_length": 3,
			"bones": {
				"body": {
					"rotation": {
						"0.0": [0, 0, 0],
						"0.0833": [7.5, 0, 0],
						"1.625": [0, 0, 0],
						"1.7917": [0.48, 0, 0],
						"1.9167": [11.55, 0, 0],
						"2.0417": [62.5, 0, 0]
					},
					"position": {
						"0.0": [0, -0.5, 0],
						"0.0417": [0, -1.1, 0],
						"0.125": [0, 1.67, 0.25],
						"0.2083": [0, 2, 0.96],
						"0.2917": [0, 1.5, 4],
						"0.3333": [0, -0.4, 4.9],
						"0.375": [0, -1.43, 5.265],
						"0.4583": [0, -0.62, 5.415],
						"0.5": [0, -0.5, 5.5],
						"0.7083": [0, -0.5, 5.5],
						"1.1667": [0, -1.25, 5.5],
						"1.625": [0, -1.5, 5.5],
						"1.7083": [0, -0.85, 5.31],
						"1.7917": [0, -0.7, 5.11],
						"1.9583": [0, -1.66, 3.05],
						"2.0417": [0, -4.5, -2.5],
						"2.125": [0, -5.25, -4.25],
						"2.25": [0, -4.425, -4.75],
						"2.375": [0, -4.25, -5.25]
					}
				},
				"torso": {
					"rotation": {
						"0.0": [15, 0, 0],