{
	"format_version": "1.8.0",
	"animations": {
		"animation.klink.ground_idle": {
			"loop": true,
			"bones": {
				"body": {
					"rotation": [-2.53742, 0, "0.8704+8*math.sin(q.anim_time*90*1+180+50)"],
					"position": [1, "0.5*math.sin(q.anim_time*90*1+180+50)", 0]
				},
				"gear1": {
					"rotation": [0, 0, "-22.5+q.anim_time*-90*2"],
					"position": [0, -0.5, 0]
				},
				"gear2": {
					"rotation": [0, 0, "-22.5+q.anim_time*90*2"],
					"position": [-2.5, -3.8, 0.1]
				}
			}
		},
		"animation.klink.ground_walk": {
			"loop": true,
			"bones": {
				"body": {
					"rotation": [9.96258, 0, "0.8704+8*math.sin(q.anim_time*90*1.5+180+50)"],
					"position": [1, "-0.5+0.6*math.sin(q.anim_time*90*3+180)", -1.1]
				},
				"gear1": {
					"rotation": [0, 0, "-22.5+q.anim_time*-90*2.2 "],
					"position": [0, -0.5, 0]
				},
				"gear2": {
					"rotation": [0, 0, "-22.5+q.anim_time*90*2.2"],
					"position": [-2.5, -3.8, 0.1]
				}
			}
		},
		"animation.klink.faint": {
			"loop": true,
			"animation_length": 3,
			"bones": {
				"body": {
					"rotation": {
						"0.0": [0, 0, 0],
						"0.0417": [0, 0, -46],
						"0.125": [0, 0, -75],
						"0.4583": [0, 0, -72.5],
						"0.5417": [0, 0, -43.83],
						"0.5833": [0, 0, 7.5],
						"1.0": [0, 0, 12.5],
						"1.0833": [0, 0, 32.33],
						"1.125": [0, 0, 90]
					},
					"position": {
						"0.0": [0, 0, 0],
						"0.0833": [1, 0, 0],
						"0.125": [-1, 0, 0],
						"0.2083": [0.5, 0, 0],
						"0.2917": [-0.5, 0, 0],
						"0.5417": [-0.5, 0, 0],
						"0.625": [1, 0, 0],
						"0.6667": [-1, 0, 0],
						"0.75": [0.5, 0, 0],
						"0.8333": [-0.5, 0, 0]
					}
				},
				"gear1": {
					"rotation": {
						"0.0": [0, 0, -246.5],
						"0.2083": [0, 0, -111],
						"0.4583": [0, 0, -111],
						"1.0": [0, 0, 1],
						"1.125": [0, 0, -90],
						"1.2083": [0, 0, -134.75],
						"1.2917": [0, 0, -155.5],
						"1.375": [0, -9, -169.5],
						"1.4583": [0, -72, -172.5],
						"1.5417": [0, -85, -172.5],
						"1.7083": [-94.99034, -89.56436, -84.99066]
					},
					"position": {
						"1.0417": [0, 0, 0],
						"1.125": [-2.83, -2.33, 0],
						"1.1667": [-3.5, -4, 0],
						"1.25": [-3, -6, 0],
						"1.3333": [-1.5, -7, 0],
						"1.375": [4, -7.25, 0],
						"1.4167": [4.75, -7.25, 2],
						"1.4583": [1, -7.25, 3],
						"1.5417": [-0.45, -7.25, 4],
						"1.625": [0.25, -7.25, 4.25],
						"1.6667": [1.25, -7.25, 4.25],
						"1.7083": [8, -7.25, 4.25],
						"1.75": [7, -7.25, 4.25],
						"1.8333": [6.5, -7.25, 4.25],
						"1.9167": [8.5, -7.25, 4.25]
					}
				},
				"gear2": {
					"rotation": {
						"0.0": [0, 0, 246.5],
						"0.2083": [0, 0, 111],
						"0.4583": [0, 0, 111],
						"1.0417": [0, 0, 0],
						"1.2083": [0, 0, 160],
						"1.3333": [0, 0, 223.75],
						"1.4583": [0, 0, 237.5],
						"1.625": [8.15559, 0.24257, 231.88011],
						"1.7917": [78.91492, 0.64686, 222.51363],
						"1.9167": [91.33467, 1.20236, 217.54392],
						"2.0": [91.33467, 1.20236, 217.54392],
						"2.0417": [85.83467, 1.20236, 217.54392],
						"2.125": [93.83467, 1.20236, 217.54392],
						"2.2083": [88.78096, 1.25943, 215.044]
					},
					"position": {
						"1.0417": [0, 0, 0],
						"1.125": [-1.67, 2.5, 0],
						"1.25": [-2.25, 4.25, 0],
						"1.375": [-2.5, 5.5, 0],
						"1.5": [-2.25, 6.5, 0],
						"1.5417": [-1, 6.67, 0],
						"1.625": [10.5, 6.75, 0],
						"1.6667": [12.5, 6.75, -1],
						"1.7083": [7.5, 6.75, -2],
						"1.7917": [5.25, 6.75, -3.5],
						"1.9167": [7, 6.75, -4.25],
						"1.9583": [14.75, 6.75, -4.25],
						"2.0": [15.5, 6.75, -4.25],
						"2.0417": [14, 6.75, -4.25],
						"2.0833": [14, 6.75, -4.25],
						"2.125": [15, 6.75, -4.25]
					}
				}
			}
		},
		"animation.klink.sleep": {
			"loop": true,
			"bones": {
				"body": {
					"rotation": ["32.5+Math.cos((query.anim_time-2.5) * 90 * 0.4) * 10", 0, "Math.cos((query.anim_time-1) * 90 * 0.4) * -20"],
					"position": [0, "Math.cos((query.anim_time-1.6) * 90 * 0.4) * 1", 0]
				},
				"gear1": {
					"rotation": [0, 0, "Math.cos((query.anim_time) * 90 * 0.4) * 30"]
				},
				"gear2": {
					"rotation": [0, 0, "Math.cos((query.anim_time) * 90 * 0.4) * -30"]
				}
			}
		}
	}
}