{
	"format_version": "1.8.0",
	"animations": {
		"animation.victreebel.ground_idle": {
			"loop": true,
			"bones": {
				"torso_top": {
					"rotation": [10, 0, 0]
				},
				"leaf_front": {
					"rotation": [-10, 0, 0]
				},
				"stem1": {
					"rotation": [-27.86082, 8.86042, -4.65468]
				},
				"stem2": {
					"rotation": [-36.35293, 14.51785, -9.92212]
				},
				"stem3": {
					"rotation": [-27.70857, -6.17933, 4.21361]
				},
				"stem4": {
					"rotation": [-20.82662, -12.55043, 8.14969]
				},
				"stem5": {
					"rotation": [-27.30998, -25.71543, 10.09541]
				},
				"stem6": {
					"rotation": [-31.63094, -21.02527, 8.0745]
				},
				"stem7": {
					"rotation": [-20, 0, 0]
				},
				"torso_bottom": {
					"rotation": [-2.5, 0, 0]
				},
				"arm_right1": {
					"rotation": [43.44102, -8.42106, 20.94102]
				},
				"arm_right2": {
					"rotation": [0, 0, -22.5]
				},
				"arm_right4": {
					"rotation": [0, 0, -22.5]
				},
				"arm_left1": {
					"rotation": [43.44102, 8.42106, -20.94102]
				},
				"arm_left2": {
					"rotation": [0, 0, 22.5]
				},
				"arm_left4": {
					"rotation": [0, 0, 22.5]
				}
			}
		}
	}
}