{
	"format_version": "1.8.0",
	"animations": {
		"animation.xatu.ground_idle": {
			"loop": true,
			"bones": {
				"torso": {
					"position": [0, "0.05*(math.sin(q.anim_time*30*4+45)*1+1)", 0]
				},
				"head": {
					"position": [0, "0.02*(math.sin(q.anim_time*30*4+45)*1+1)", "0.02*(math.sin(q.anim_time*30*4+45)*1+1)"]
				},
				"wing_right": {
					"rotation": [135, -20, -97.2]
				},
				"wing_right2": {
					"rotation": [-5, -5, 30]
				},
				"wing_right3": {
					"rotation": [0, -2.5, 42.7]
				},
				"wing_left": {
					"rotation": [135, 20, 97.2]
				},
				"wing_left2": {
					"rotation": [-5, 5, -30]
				},
				"wing_left3": {
					"rotation": [0.00001, 2.5, -42.7]
				},
				"leg_right": {
					"rotation": [0, 20, 0]
				},
				"leg_left": {
					"rotation": [0, -20, 0]
				},
				"feather_left": {
					"rotation": ["-65-0.5*(math.sin(q.anim_time*30*4+45)*1+1)", 20, 0]
				},
				"feather_right": {
					"rotation": ["-65-0.5*(math.sin(q.anim_time*30*4+45)*1+1)", -20, 0]
				},
				"feather_right2": {
					"rotation": ["-10-0.5*(math.sin(q.anim_time*30*4+45)*1+1)", 0, 0]
				},
				"feather_left2": {
					"rotation": ["-10-0.5*(math.sin(q.anim_time*30*4+45)*1+1)", 0, 0]
				}
			}
		},
		"animation.xatu.faint": {
			"loop": true,
			"animation_length": 3,
			"bones": {
				"torso": {
					"rotation": {
						"0.0": [0, 0, 0],
						"0.25": [23.93, 0, 0],
						"0.2917": [25, 0, 0],
						"0.5417": [10, 0, 0],
						"0.7083": [0, 0, 0]
					}
				},
				"head": {
					"rotation": {
						"0.0417": [0, 0, 0],
						"0.2917": [17.5, 0, 0],
						"0.4583": [15.83, 0, 0],
						"0.7083": [0, -2.5, 0],
						"1.2917": [7.5, 0, 0],
						"1.3333": [0, 0, 0],
						"2.0417": [0, 0, 0],
						"2.1667": [-7.5, 0, 0],
						"2.25": [-15, 0, 0],
						"2.3333": [-13, 0, 0]
					}
				},
				"wing_right": {
					"rotation": {
						"0.0": [135, -20, -97.2],
						"0.4583": [135, -17.5, -97.5],
						"0.7083": [0, 0, 40],
						"1.2083": [0, 0, 40],
						"1.3333": [0, 0, 40],
						"1.375": [20, 0, 40],
						"1.4167": [0, 0, 40],
						"1.4583": [-8, 0, 40],
						"1.5": [0, 0, 40],
						"1.5833": [-5, 0, 40],
						"1.6667": [0, 0, 40],
						"2.0417": [0, 0, 40],
						"2.25": [16, 15, 38],
						"2.3333": [16, 15, 40]
					}
				},
				"wing_right2": {
					"rotation": {
						"0.0": [-5, -5, 30],
						"0.4583": [-5, -5, 30],
						"0.7917": [-1, 0, 19.37395]
					}
				},
				"wing_right3": {
					"rotation": {
						"0.0": [0, -2.5, 42.7],
						"0.4583": [0, -2.5, 43],
						"0.7083": [-1, 0, 15]
					}
				},
				"wing_left": {
					"rotation": {
						"0.0": [135, 20, 97.2],
						"0.4583": [135, 17.5, 97.5],
						"0.7083": [0, 0, -40],
						"1.2083": [0, 0, -40],
						"1.3333": [0, 0, -40],
						"1.375": [20, 0, -40],
						"1.4167": [0, 0, -40],
						"1.4583": [-8, 0, -40],
						"1.5": [0, 0, -40],
						"1.5833": [-5, 0, -40],
						"1.6667": [0, 0, -40],
						"2.0417": [0, 0, -40],
						"2.25": [16, -15, -38],
						"2.3333": [16, -15, -40]
					}
				},
				"wing_left2": {
					"rotation": {
						"0.0": [-5, 5, -30],
						"0.4583": [-5, 5, -30],
						"0.7917": [-0.1, 0, -20]
					}
				},
				"wing_left3": {
					"rotation": {
						"0.0": [0, 2.5, -42.7],
						"0.4583": [0, 2.5, -43],
						"0.6667": [-1, 0, -15]
					}
				},
				"leg_right": {
					"rotation": {
						"0.0": [0, 20, 0],
						"2.0417": [0, 20, 0],
						"2.2917": [36, 32.5, 20.5],
						"2.375": [30.5, 28.5, 18]
					}
				},
				"leg_left": {
					"rotation": {
						"0.0": [0, -20, 0],
						"2.0417": [0, -20, 0],
						"2.2917": [36.0566, -32.3037, -20.7696],
						"2.375": [30.5, -28.5, -18]
					}
				},
				"body": {
					"rotation": {
						"0.0": [0, 0, 0],
						"0.2917": [0, 0, 0],
						"0.5833": [-1.87, 0, 0],
						"0.7917": [-7.5, 0, 0],
						"1.0": [-15, 0, 0],
						"1.0417": [-27.5, 0, 0],
						"1.3333": [-90, 0, 0],
						"1.375": [-70, 0, 0],
						"1.4167": [-65, 0, 0],
						"1.5": [-90, 0, 0],
						"1.5417": [-95, 0, 0],
						"1.5833": [-90, 0, 0],
						"1.7083": [-86, 0, 0],
						"1.7917": [-90, 0, 0]
					},
					"position": {
						"0.0": [0, 0, 0],
						"0.2917": [0, 0, 0],
						"0.5833": [0, 0.1, 0.3],
						"0.7917": [0, 0.2, 1.3],
						"1.0": [0, 0.2, 2.6],
						"1.0417": [0, -0.2, 4.7],
						"1.0833": [0, -0.8, 6.2],
						"1.125": [0, -1.6, 7.5],
						"1.1667": [0, -2.3, 8.8],
						"1.2083": [0, -2.95, 10],
						"1.25": [0, -3.77, 11],
						"1.2917": [0, -4.64, 11.9],
						"1.3333": [0, -5.7, 12.7],
						"1.375": [0, -3.5, 10.8],
						"1.4167": [0, -3.1, 10.2],
						"1.4583": [0, -4.3, 11.6],
						"1.5": [0, -5.7, 12.7],
						"1.5417": [0, -5.7, 13.1],
						"1.5833": [0, -5.7, 12.7],
						"1.7083": [0, -5.2, 12.5],
						"1.7917": [0, -5.7, 12.7]
					}
				},
				"eyelid_right": {
					"position": {
						"0.0": [0, 0, 0],
						"0.75": [0, 0, 0],
						"0.7917": [-0.1, 0, -0.1],
						"1.2917": [-0.1, 0, -0.1],
						"1.3333": [0, 0, 0],
						"1.4167": [0, 0, 0],
						"1.4583": [-0.1, 0, -0.1]
					}
				},
				"eyelid_left": {
					"position": {
						"0.0": [0, 0, 0],
						"0.75": [0, 0, 0],
						"0.7917": [0.1, 0, -0.1],
						"1.2917": [0.1, 0, -0.1],
						"1.3333": [0, 0, 0],
						"1.4167": [0, 0, 0],
						"1.4583": [0.1, 0, -0.1]
					}
				},
				"foot_right": {
					"rotation": {
						"2.0417": [0, 0, 0],
						"2.2917": [23.75, 0, 0],
						"2.375": [25, 0, 0]
					}
				},
				"foot_left": {
					"rotation": {
						"2.0417": [0, 0, 0],
						"2.2917": [21.25, 0, 0],
						"2.375": [25, 0, 0]
					}
				},
				"feather_left": {
					"rotation": {
						"0.0": [-65, 20, 0],
						"0.0417": [-65, 20, 0],
						"0.2917": [-70, 20, 0],
						"0.5833": [-65, 20, 0],
						"0.9583": [-72.5, 20, 0],
						"1.1667": [-100, 18, -32],
						"1.3333": [-113.90719, 16.0288, -36.80579],
						"1.4167": [-79.63696, 20.58761, -29.31624],
						"2.0417": [-80, 20, -30],
						"2.1667": [-75, 20, -30],
						"2.3333": [-73, 20, -30]
					}
				},
				"feather_right": {
					"rotation": {
						"0.0": [-65, -20, 0],
						"0.0417": [-65, -20, 0],
						"0.2917": [-70, -20, 0],
						"0.5833": [-65, -20, 0],
						"0.9583": [-72.5, -20, 0],
						"1.1667": [-100, -18, 32],
						"1.3333": [-113.90719, -16.0288, 36.80579],
						"1.4167": [-79.63696, -20.58761, 29.31624],
						"2.0417": [-80, -20, 30],
						"2.1667": [-75, -20, 30],
						"2.3333": [-73, -20, 30]
					}
				},
				"feather_right2": {
					"rotation": {
						"1.375": [-10, 0, 0],
						"1.5": [-18.5, 0, 0],
						"1.5417": [-11.75, 0, 0],
						"1.5833": [-7.5, 0, 0],
						"1.6667": [-17.5, 0, 0],
						"1.7083": [-17.5, 0, 0],
						"1.75": [-20, 0, 0],
						"2.0417": [-20, 0, 0],
						"2.2083": [-7.5, 0, 0]
					}
				},
				"feather_left2": {
					"rotation": {
						"1.375": [-10, 0, 0],
						"1.5": [-18.5, 0, 0],
						"1.5417": [-11.75, 0, 0],
						"1.5833": [-7.5, 0, 0],
						"1.6667": [-17.5, 0, 0],
						"1.7083": [-17.5, 0, 0],
						"1.75": [-20, 0, 0],
						"2.0417": [-20, 0, 0],
						"2.2083": [-7.5, 0, 0]
					}
				},
				"neck": {
					"rotation": {
						"1.5": [0, 0, 0],
						"1.5833": [-5, 0, 0],
						"1.6667": [0, 0, 0]
					}
				}
			}
		},
		"animation.xatu.sleep": {
			"loop": true,
			"bones": {
				"torso": {
					"rotation": [5, 0, 0],
					"position": [0, "-1+0.05*(math.sin(q.anim_time*30*4+45)*1+1)", 0]
				},
				"head": {
					"rotation": [12, 0, 0],
					"position": [0, "-0.3+0.02*(math.sin(q.anim_time*30*4+45)*1+1)", "-0.4+0.02*(math.sin(q.anim_time*30*4+45)*1+1)"]
				},
				"wing_right": {
					"rotation": [135, -20, -97.2]
				},
				"wing_right2": {
					"rotation": [-5, -5, 30]
				},
				"wing_right3": {
					"rotation": [0, -2.5, 42.7]
				},
				"wing_left": {
					"rotation": [135, 20, 97.2]
				},
				"wing_left2": {
					"rotation": [-5, 5, -30]
				},
				"wing_left3": {
					"rotation": [0.00001, 2.5, -42.7]
				},
				"leg_right": {
					"rotation": [0, 20, 0]
				},