{
    "format_version": "1.8.0",
    "animations": {
        "animation.magikarp.water_swim": {
            "loop": true,
            "bones": {
                "whisker_right": {
                    "rotation": [0, 2.5, 0]
                },
                "whisker_left": {
                    "rotation": [0, -2.5, 0]
                },
                "fin_right": {
                    "rotation": [0, 15, 0]
                },
                "fin_left": {
                    "rotation": [0, -15, 0]
                }
            }
        },
        "animation.magikarp.flop": {
            "loop": true,
            "animation_length": 0.38542,
            "bones": {
                "body": {
                    "rotation": {
                        "0.0": [0, 10, -90],
                        "0.0417": [3.09472, 22.29711, -81.88997],
                        "0.0833": [0, 32.5, -90],
                        "0.1354": [0, 7.5, -90],
                        "0.1979": [0, 0, -97.5],
                        "0.25": [0.88045, -9.96156, -102.57673],
                        "0.2917": [2.18493, -9.75912, -110.18987],
                        "0.3229": [1.07151, -5.117, -97.45759],
                        "0.375": [2.03323, 7.17415, -89.6683]
                    },
                    "position": {
                        "0.0": [0, 0, 0],
                        "0.0417": [0, 3, 0],
                        "0.0833": [0, 5, 0],
                        "0.1354": [0, 7, 0],
                        "0.1979": [0, 4, 0],
                        "0.25": [0, 2, 0],
                        "0.2917": [0, 0, 0]
                    }
                },
                "tail": {
                    "rotation": {
                        "0.0": [0, -12.5, 0],
                        "0.0417": [0, -30, 0],
                        "0.0833": [0, -42.5, 0],
                        "0.1354": [0, -5, 0],
                        "0.1563": [0, 7.5, 0],
                        "0.1979": [0, 17.5, 0],
                        "0.25": [0, 32.5, 0],
                        "0.2917": [0, 45, 0],
                        "0.3229": [0, -7.5, 0],
                        "0.3854": [0, -12.5, 0]
                    }
                },
                "rightmustache": {
                    "rotation": {
                        "0.0": {
                            "post": [0, 75, 0],
                            "lerp_mode": "catmullrom"
                        },
                        "0.0625": {
                            "post": [0, 67.5, 0],
                            "lerp_mode": "catmullrom"
                        },
                        "0.1146": {
                            "post": [0, 62.5, 0],
                            "lerp_mode": "catmullrom"
                        },
                        "0.1354": {
                            "post": [0, 60, 0],
                            "lerp_mode": "catmullrom"
                        },
                        "0.1771": {
                            "post": [0, 62.5, 0],
                            "lerp_mode": "catmullrom"
                        },
                        "0.2083": {
                            "post": [0, 67.5, 0],
                            "lerp_mode": "catmullrom"
                        },
                        "0.2396": {
                            "post": [-6.35957, 72.47583, -1.44557],
                            "lerp_mode": "catmullrom"
                        },
                        "0.2813": {
                            "post": [-10.96012, 79.89653, -6.17307],
                            "lerp_mode": "catmullrom"
                        }
                    }
                },
                "rightmustachetip": {
                    "rotation": {
                        "0.0": [-360, 10, -360],
                        "0.0521": [-360, -20, -360],
                        "0.0938": [-360, -15, -360],
                        "0.1146": [-360, 0, -360],
                        "0.1354": [-360, 2.5, -360],
                        "0.2083": [-360, 12.5, -360],
                        "0.2396": [-360, 10, -360],
                        "0.2813": [-360, 0, -360],
                        "0.3125": [-360, 2.5, -360]
                    }
                },
                "leftmustache": {
                    "rotation": {
                        "0.0": [0, -57.5, 0],
                        "0.0313": [0, -67.5, 0],
                        "0.0938": [0, -75, 0],
                        "0.1354": [0, -80, 0],
                        "0.1771": [0, -67.5, 0],
                        "0.1979": [0, -57.5, 0],
                        "0.25": [0, -47.5, 0],
                        "0.3021": [0, -55, 0],
                        "0.3229": [0, -62.5, 0],
                        "0.3646": [0, -70, 0]
                    }
                },
                "leftmustachetip": {
                    "rotation": {
                        "0.0": [0, -10, 0],
                        "0.0313": [0, 2.5, 0],
                        "0.0521": [0, -5, 0],
                        "0.0729": [-2.38655, -2.51347, -0.64747],
                        "0.1042": [-2.46841, -15.00235, -0.11286],
                        "0.1354": [-2.40486, -7.50911, -0.43774],
                        "0.1563": [-2.40469, 7.47783, -1.06533],
                        "0.3021": [-2.39341, -5.0113, -0.543],
                        "0.3229": [-2.53733, -19.99759, 0.11603],
                        "0.3646": [-2.40472, 7.47783, -1.06533]
                    }
                },
                "rightlfipper": {
                    "rotation": {
                        "0.0": [0, 2.5, 0],
                        "0.1354": [0, 10, 0],
                        "0.1979": [0, -5, 0],
                        "0.25": [0, 0, 0],
                        "0.2917": [0, 5, 0]
                    }
                },
                "leftlfipper": {
                    "rotation": {
                        "0.0": [0, 17.5, 0],
                        "0.0833": [0, -5, 0],
                        "0.1354": [0, -12.5, 0],
                        "0.1979": [0, 22.5, 0],
                        "0.25": [0, 10, 0]
                    }
                }
            }
        },
        "animation.magikarp.air_idle": {
            "loop": true,
            "bones": {
                "whisker_right": {
                    "rotation": [30, -30, 45]
                },
                "whisker_left": {
                    "rotation": [30, 30, -45]
                },
                "fin_right": {
                    "rotation": [60, 30, -90]
                },
                "fin_left": {
                    "rotation": [60, -30, 90]
                },
                "whisker_right2": {
                    "rotation": [0, 0, 15],
                    "position": [3, 0, 0]
                },
                "whisker_right3": {
                    "rotation": [0, 0, "20*1+q.anim_time*90*50"]
                },
                "whisker_left2": {
                    "rotation": [0, 0, -15],
                    "position": [-3, 0, 0]
                },
                "whisker_left3": {
                    "rotation": [0, 0, "-20*1+q.anim_time*90*50"]
                },
                "tail3": {
                    "rotation": [0, 0, 90]
                }
            }
        },
        "animation.magikarp.blink": {
            "animation_length": 0.16667,
            "bones": {
                "eyelid_right": {
                    "position": {
                        "0.0": [-0.1, 0, -0.1],
                        "0.125": [-0.1, 0, 0],
                        "0.1667": [0, 0, 0]
                    }
                },
                "eyelid_left": {
                    "position": {
                        "0.0": [0.1, 0, -0.1],
                        "0.125": [0.1, 0, 0],