{
	"format_version": "1.8.0",
	"animations": {
		"animation.kingler.ground_idle": {
			"loop": true,
			"bones": {
				"leftleg2": {
					"rotation": [22.5, -22.5, 0]
				},
				"rightleg2": {
					"rotation": [22.5, 15, 0]
				},
				"rightarm": {
					"rotation": [0, -22.5, 0]
				},
				"rightforarm": {
					"rotation": [-136.35707, -12.27659, 102.56853]
				},
				"bottomclawright": {
					"rotation": [0, 0, -22.5]
				},
				"leftarm": {
					"rotation": [0, 22.5, 0]
				},
				"leftforarm": {
					"rotation": [-132.73421, 47.09957, -106.32495]
				},
				"clawleft": {
					"rotation": [0, 0, 0]
				},
				"bottomclawleft": {
					"rotation": [0, 0, 45]
				}
			}
		},
		"animation.kingler.ground_walk": {
			"loop": true,
			"animation_length": 0.5,
			"bones": {
				"head": {
					"rotation": [15, 0, 0]
				},
				"fang_left": {
					"rotation": [0, -12.5, 0]
				},
				"fang_right": {
					"rotation": [0, 12.5, 0]
				},
				"horn": {
					"rotation": [20, 0, 0]
				},
				"legfront_left": {
					"rotation": {
						"0.0": [-0.7522, -25.11578, -14.51565],
						"0.125": [0, 3.75, -14],
						"0.25": [0, 12.5, 0],
						"0.375": [0, -18.75, -3],
						"0.5": [-0.7522, -25.11578, -14.51565]
					}
				},
				"legfront_left2": {
					"rotation": [0, 0, 52]
				},
				"legmiddle_left2": {
					"rotation": [0, 0, 52]
				},
				"legmiddle_left": {
					"rotation": {
						"0.0": [-2.61435, 9.91358, -1.31845],
						"0.125": [12.66253, -10.09152, -3.9374],
						"0.25": [14.8968, -5.30767, -13.89137],
						"0.375": [2.2227, 4.83983, -14.50942],
						"0.5": [-2.61435, 9.91358, -1.31845]
					}
				},
				"legback_left": {
					"rotation": {
						"0.0": [-0.7522, -25.11578, -14.51565],
						"0.125": [0, 3.75, -14],
						"0.25": [0, 12.5, 0],
						"0.375": [0, -18.75, -3],
						"0.5": [-0.7522, -25.11578, -14.51565]
					}
				},
				"legback_left2": {
					"rotation": [0, 0, 52]
				},
				"legfront_right": {
					"rotation": {
						"0.0": [0, -12.5, 0],
						"0.125": [0, 18.75, 3],
						"0.25": [-0.7522, 25.11578, 14.51565],
						"0.375": [0, -3.75, 14],
						"0.5": [0, -12.5, 0]
					}
				},
				"legfront_right2": {
					"rotation": [0, 0, -52]
				},
				"legmiddle_right": {
					"rotation": {
						"0.0": [14.8968, 5.30767, 13.89137],
						"0.125": [2.2227, -4.83983, 14.50942],
						"0.25": [-2.61435, -9.91358, 1.31845],
						"0.375": [12.66253, 10.09152, 3.9374],
						"0.5": [14.8968, 5.30767, 13.89137]
					}
				},
				"legmiddle_right2": {
					"rotation": [0, 0, -52]
				},
				"legback_right": {
					"rotation": {
						"0.0": [0, -12.5, 0],
						"0.125": [0, 18.75, 3],
						"0.25": [-0.7522, 25.11578, 14.51565],
						"0.375": [0, -3.75, 14],
						"0.5": [0, -12.5, 0]
					}
				},
				"legback_right2": {
					"rotation": [0, 0, -52]
				},
				"torso_pattern_left": {
					"rotation": [0, 0, 0]
				},
				"torso_pattern_right": {
					"rotation": [0, 0, 0]
				},
				"torso": {
					"rotation": [5, 0, "Math.cos((query.anim_time) * 90 * 8) * -2"],
					"position": [0, "Math.cos((query.anim_time) * 90 * 8*2) * 0.2", 0]
				},
				"body": {
					"rotation": [5, 0, "Math.cos((query.anim_time) * 90 * 8) * -2"],
					"position": [0, "Math.cos((query.anim_time) * 90 * 8*2) * 0.2", 0]
				},
				"leftleg": {
					"rotation": {
						"0.0": [-0.7522, -25.11578, -14.51565],
						"0.125": [0, 3.75, -14],
						"0.25": [0, 12.5, 0],
						"0.375": [0, -18.75, -3],
						"0.5": [-0.7522, -25.11578, -14.51565]
					}
				},
				"leftleg2": {
					"rotation": {
						"0.0": [-2.61435, 9.91358, -1.31845],
						"0.125": [12.66253, -10.09152, -3.9374],
						"0.25": [14.8968, -5.30767, -13.89137],
						"0.375": [2.2227, 4.83983, -14.50942],
						"0.5": [-2.61435, 9.91358, -1.31845]
					}
				},
				"rightleg": {
					"rotation": {
						"0.0": [14.8968, 5.30767, 13.89137],
						"0.125": [2.2227, -4.83983, 14.50942],
						"0.25": [-2.61435, -9.91358, 1.31845],
						"0.375": [12.66253, 10.09152, 3.9374],
						"0.5": [14.8968, 5.30767, 13.89137]
					}
				},
				"rightleg2": {
					"rotation": {
						"0.0": [0, -12.5, 0],
						"0.125": [0, 18.75, 3],
						"0.25": [-0.7522, 25.11578, 14.51565],
						"0.375": [0, -3.75, 14],
						"0.5": [0, -12.5, 0]
					}
				}
			}
		}
	}
}