{
	"format_version": "1.8.0",
	"animations": {
		"animation.vulpix_alolan.blink": {
			"animation_length": 0.1667,
			"bones": {
				"eyelid_right": {
					"position": {
						"0.0": [-0.25, 0, 0],
						"0.125": [-0.25, 0, 0],
						"0.1667": [0, 0, 0]
					}
				},
				"eyelid_left": {
					"position": {
						"0.0": [0.25, 0, 0],
						"0.125": [0.25, 0, 0],
						"0.1667": [0, 0, 0]
					}
				}
			}
		},
		"animation.vulpix_alolan.sleep": {
			"loop": true,
			"bones": {
				"body": {
					"rotation": [0, 0, -17.5],
					"position": [0, -4.5, 0]
				},
				"head": {
					"rotation": ["45.2041+math.sin(q.anim_time*90*1-70)*0.5", -15.65606, -3.14173]
				},
				"head_tuft": {
					"rotation": [7.5, 0, 0]
				},
				"head_hair_front": {
					"rotation": [-5, 0, 0]
				},
				"head_hair_front2": {
					"rotation": [-15, 0, 0]
				},
				"ear_right": {
					"rotation": [0, 0, -20]
				},
				"ear_left": {
					"rotation": [0, 0, 25]
				},
				"tail": {
					"rotation": [-62.78666, -0.0804, -16.14239]
				},
				"tail_end": {
					"rotation": [-17.94901, 32.21308, -1.24661]
				},
				"tail2": {
					"rotation": [-56.12684, 21.66612, -20.4973]
				},
				"tail_end2": {
					"rotation": [-19.53668, 5.92588, -2.52802]
				},
				"tail3": {
					"rotation": [-61.59675, -2.81599, -16.91443]
				},
				"tail_end3": {
					"rotation": [-5.47715, 29.7626, -1.59581]
				},
				"tail4": {
					"rotation": [-77.54216, -9.51994, -43.69478]
				},
				"tail_end4": {
					"rotation": [0.51291, 12.70756, -8.00264]
				},
				"tail5": {
					"rotation": [-41.65831, 26.85076, -19.99816]
				},
				"tail_end5": {
					"rotation": [-16.1991, 15.17089, -2.91326]
				},
				"tail6": {
					"rotation": [-23.8732, 34.39876, -13.33998]
				},
				"tail_end6": {
					"rotation": [-22.19432, 16.7338, -10.7162]
				},
				"leg_front_right": {
					"rotation": [-85.66033, 14.94857, 15.807],
					"position": [-0.25, 0, 0]
				},
				"leg_front_right2": {
					"rotation": [10, 0, 0]
				},
				"leg_front_right3": {
					"rotation": [15, 0, 0]
				},
				"leg_front_left": {
					"rotation": [-64.82114, -40.11701, 21.86016],
					"position": [0.25, 0, 0]
				},
				"leg_front_left2": {
					"rotation": [-10, 0, 0]
				},
				"leg_front_left3": {
					"rotation": [15, 0, 0]
				},
				"leg_back_right": {
					"rotation": [-125.2055, 7.08823, 14.33408],
					"position": [-0.5, -0.25, 0]
				},
				"leg_back_right2": {
					"rotation": [175, 0, 0]
				},
				"leg_back_right3": {
					"rotation": [-42.5, 0, 0]
				},
				"leg_back_left": {
					"rotation": [-52.56611, -6.16937, 9.32853],
					"position": [0.25, 0, 0]
				},
				"leg_back_left2": {
					"rotation": [155, 0, 0]
				},
				"leg_back_left3": {
					"rotation": [27.5, 0, 0]
				},
				"torso": {
					"rotation": ["math.sin(q.anim_time*90*1)*0.5", 0, 7.5],
					"position": [0, 0.75, 0]
				},
				"eyelid_right": {
					"position": [-0.25, 0, 0]
				},
				"eyelid_left": {
					"position": [0.25, 0, 0]
				}
			}
		}
	}
}