{
	"format_version": "1.8.0",
	"animations": {
		"animation.klang.ground_idle": {
			"loop": true,
			"bones": {
				"body": {
					"rotation": [-5, 0, "16*math.sin(q.anim_time*90*1.5+180+50)"],
					"position": [0, "0.5+0.9*math.sin(q.anim_time*90*1+180)", 0]
				},
				"main_gear": {
					"rotation": [0, 0, "22.5+q.anim_time*-90*2"]
				},
				"gear2": {
					"rotation": [0, 0, "-22.5+q.anim_time*90*2"],
					"position": [-0.7, 0.2, 0]
				}
			}
		},
		"animation.klang.ground_walk": {
			"loop": true,
			"bones": {
				"body": {
					"rotation": [10, 0, "8*math.sin(q.anim_time*90*1.5+180+50)"],
					"position": [0, "0.5+0.9*math.sin(q.anim_time*90*3+180)", -0.5]
				},
				"main_gear": {
					"rotation": [0, 0, "22.5+q.anim_time*-90*2.2"]
				},
				"gear2": {
					"rotation": [0, 0, "-22.5+q.anim_time*90*2.2"],
					"position": [-0.7, 0.2, 0]
				}
			}
		},
		"animation.klang.faint": {
			"loop": true,
			"animation_length": 3,
			"bones": {
				"body": {
					"rotation": {
						"0.0": [15, 0, 0],
						"0.0833": [-12.5, 0, 0],
						"0.25": [6.26, 0, 0],
						"0.5": [12.7, 0, 0],
						"0.875": [8.48, 0, 0],
						"1.0417": [3.04, 0, 0],
						"1.25": [-2.25, 0, 0],
						"1.375": [0.25, 0, 0]
					},
					"position": {
						"0.0": [0, 0, 0],
						"0.0417": [0, -1, 0],
						"0.125": [0, -1.25, 0],
						"0.5833": [0, 1.07, 0],
						"1.0417": ["0+Math.cos((query.anim_time) * 90 * 48) * 0.4", 2.39, 0],
						"1.2917": ["0+Math.cos((query.anim_time) * 90 * 48) * 1.2", 2.75, 0],
						"1.3333": [0, 2.75, 0]
					}
				},
				"main_gear": {
					"rotation": {
						"0.0": [0, 0, 0],
						"0.0417": [0, 0, -13.33],
						"0.125": [0, 0, -17.5],
						"0.2917": [0, 0, 87.69],
						"0.5": [0, 0, 188.34],
						"0.7083": [0, 0, 237.66],
						"0.9167": [0, 0, 260],
						"1.25": [-7.25, 0, 268.8],
						"1.3333": [51.5, 0, 249.66],
						"1.4583": [75.75, 0, 217.33],
						"1.5833": [87.25, 0, 197.89],
						"1.7083": [93.47222, 14.75, 189.40556],
						"1.8333": [90.88889, 97.5, 183.04222],
						"1.9167": [90, 143.75, 178.8],
						"2.0833": [90, 158.5, 178.8],
						"2.2083": [90, 164, 178.8],
						"2.25": [70, 164, 178.8],
						"2.2917": [90, 164, 178.8],
						"2.375": [102.5, 186.5, 178.8],
						"2.5417": [98.5, 201.25, 178.8],
						"2.625": [87.5, 201.25, 178.8]
					},
					"position": {
						"0.0": [0, 0, 0],
						"1.0833": [0, 0, 0],
						"1.2083": [-1, 1, 0],
						"1.25": [0, -1.25, 0],
						"1.375": [4.25, -2.75, 0],
						"1.4583": [5.5, -3, 0],
						"1.6667": [6.25, -2.85, 0],
						"1.7917": [6.25, -2, 0],
						"1.875": [6.25, -0.25, 0],
						"1.9583": [6.25, 3.25, 0],
						"2.0833": [6.25, 5.25, 0],
						"2.1667": [6.25, 5.2, 0],
						"2.2083": [6.25, 3.45, 0],
						"2.2917": [6.25, -13.55, 0],
						"2.3333": [6.25, -14.3, 0],
						"2.375": [5.5, -11.8, -2.25],
						"2.4583": [5, -10.55, -2.75],
						"2.5417": [5, -11.05, -2.925],
						"2.5833": [5, -13.55, -2.925]
					}
				},
				"gear2": {
					"rotation": {
						"0.0": [0, 0, 0],
						"0.0833": [0, 0, -12.25],
						"0.125": [0, 0, -17.5],
						"0.2917": [0, 0, -100.74],
						"0.625": [0, 0, -209.2],
						"0.9167": [0, 0, -259.51],
						"1.25": [0, 0, -268.8],
						"1.3333": [0, 0, -141.47],
						"1.4167": [0, 0, -85.63],
						"1.5": [0, 0, -58.8],
						"1.5833": [-13.33333, 0, -58.8],
						"1.75": [-79.5, 0, -58.8],
						"1.7917": [-85.675, 0, -58.8],
						"1.875": [-89.49573, 0.19609, -56.3077]
					},
					"position": {
						"1.1667": [0, 0, 0],
						"1.2083": [1, -1, 0],
						"1.25": [0, 0, 0],
						"1.2917": [-5.75, 5.25, 0],
						"1.375": [-8, 6, 0],
						"1.4583": [-9.62, 4.25, 0],
						"1.5417": [-10.5, -1, 0],
						"1.625": [-11, -20, 1.75],
						"1.6667": [-11, -21.5, 4],
						"1.7083": [-11, -18.5, 6],
						"1.75": [-11, -16.75, 7],
						"1.8333": [-11, -16.5, 7.75],
						"1.875": [-11, -19, 8],
						"1.9167": [-11, -23.75, 8],
						"1.9583": [-11, -24.5, 8],
						"2.0": [-11, -23.75, 8]
					}
				}
			}
		},
		"animation.klang.sleep": {
			"loop": true,
			"bones": {
				"body": {
					"rotation": ["35.6484+Math.cos((query.anim_time-0.6) * 90 * 1) * 2", 10.21235, "7.2468+Math.cos((query.anim_time-1.5) * 90 * 0.5) * -6"],
					"position": [0, "2+Math.cos((query.anim_time-0.2) * 90 * 0.5) * 1", 1]
				},
				"main_gear": {
					"rotation": [0, 0, "Math.cos((query.anim_time) * 90 * 0.5) * 20"]
				},
				"gear2": {
					"rotation": [0, 0, "Math.cos((query.anim_time) * 90 * 0.5) * -20"]
				}
			}
		}
	}
}