{
	"format_version": "1.8.0",
	"animations": {
		"animation.dratini.ground_idle": {
			"loop": true,
			"bones": {
				"body": {
					"position": [0, 1, 0]
				},
				"neck": {
					"rotation": [0, 0, 0]
				},
				"head": {
					"rotation": [10, 0, 0]
				},
				"segment1": {
					"rotation": [37.5, 22.5, -0.00002]
				},
				"segment2": {
					"rotation": [43.01988, 1.39202, -5.87922]
				},
				"segment3": {
					"rotation": [9.21906, -1.67824, 12.33928]
				},
				"segment4": {
					"rotation": [0.51656, -0.9769, 37.56018]
				},
				"segment5": {
					"rotation": [26.6779, -13.87059, 41.81986]
				},
				"segment6": {
					"rotation": [5.58356, 11.00867, 41.04159]
				},
				"segment7": {
					"rotation": [25.88721, -2.3511, 42.41087]
				},
				"segment8": {
					"rotation": [35, 0, 0]
				}
			}
		},
		"animation.dratini.blink": {
			"animation_length": 0.16667,
			"bones": {
				"eyelid_left": {
					"position": {
						"0.0": [0.1, 0, -0.1],
						"0.125": [0.1, 0, -0.1],
						"0.1667": [0, 0, 0]
					}
				},
				"eyelid_right": {
					"position": {
						"0.0": [-0.1, 0, -0.1],
						"0.125": [-0.1, 0, -0.1],
						"0.1667": [0, 0, 0]
					}
				}
			}
		}
	}
}