{
	"format_version": "1.8.0",
	"animations": {
		"animation.sableye.ground_idle": {
			"loop": true,
			"animation_length": 6.5,
			"bones": {
				"body": {
					"position": [0, -0.4, 0]
				},
				"torso": {
					"rotation": [7.5, "1*(math.sin(q.anim_time*90*2.5-40)*3+1)", "1*(math.sin(q.anim_time*90*2.5-40)*3+1)"],
					"position": [0, "-0.1*(math.sin(q.anim_time*90*2.5-90)*4+1)", 0]
				},
				"chest": {
					"rotation": ["15-(math.sin(q.anim_time*90*2.5-60)*4+1)", 0, 0]
				},
				"head": {
					"rotation": {
						"0.0": [4.95744, 0.65182, -7.47178],
						"1.125": [4.98107, -0.43523, 4.98107],
						"1.4583": [4.92583, 1.6236, 10.17733],
						"1.5": [5.17182, -0.38215, 32.59023],
						"1.5417": [4.92583, 1.6236, 10.17733],
						"1.75": [4.92583, 1.6236, 10.17733],
						"1.7917": [4.06972, 0.71545, -9.95593],
						"1.8333": [4.11649, 0.35834, -4.96848],
						"3.3333": [4.06972, 0.71545, -9.95593],
						"3.375": [4.06921, -0.71838, 9.99312],
						"3.4167": [4.12817, 0.1786, -2.47492],
						"3.4583": [4.95744, 0.65182, -7.47178],
						"4.5": [4.99527, 0.21782, -2.4905],
						"4.5417": [4.69986, 1.70818, -19.9299],
						"4.5833": [4.76968, 1.50179, -17.43745],
						"5.5417": [4.69986, 1.70818, -19.9299],
						"5.5833": [4.95744, 0.65182, -7.47178],
						"6.375": [4.95944, -0.65423, 7.47351],
						"6.4167": [4.72965, -1.49049, 17.43936],
						"6.4583": [4.95744, 0.65182, -7.47178]
					}
				},
				"arm_right": {
					"rotation": {
						"0.0": ["15*(math.sin(q.anim_time*160*1)*0.5+1)", "15*(math.sin(q.anim_time*90*1)*0.5+1)", "-25*(math.sin(q.anim_time*90*1)*0.5+1)"],
						"1.4583": ["15*(math.sin(q.anim_time*160*1)*0.5+1)", "15*(math.sin(q.anim_time*90*1)*0.5+1)", "-25*(math.sin(q.anim_time*90*1)*0.5+1)"],
						"1.5": [
							"11.0408+15*(math.sin(q.anim_time*160*1)*0.5+1)",
							"-10.1284+15*(math.sin(q.anim_time*90*1)*0.5+1)",
							"40.2313-25*(math.sin(q.anim_time*90*1)*0.5+1)"
						],
						"1.5417": ["15*(math.sin(q.anim_time*160*1)*0.5+1)", "15*(math.sin(q.anim_time*90*1)*0.5+1)", "-25*(math.sin(q.anim_time*90*1)*0.5+1)"],
						"3.375": ["15*(math.sin(q.anim_time*160*1)*0.5+1)", "15*(math.sin(q.anim_time*90*1)*0.5+1)", "-25*(math.sin(q.anim_time*90*1)*0.5+1)"],
						"3.4167": [
							"-2.2579+15*(math.sin(q.anim_time*160*1)*0.5+1)",
							"2.8232+15*(math.sin(q.anim_time*90*1)*0.5+1)",
							"-12.3851-25*(math.sin(q.anim_time*90*1)*0.5+1)"
						],
						"6.375": [
							"2.2694+15*(math.sin(q.anim_time*160*1)*0.5+1)",
							"9.9769+15*(math.sin(q.anim_time*90*1)*0.5+1)",
							"-21.2711-25*(math.sin(q.anim_time*90*1)*0.5+1)"
						],
						"6.4167": [9.93013, 20.89467, -43.30351],
						"6.4583": [
							"5.6008+15*(math.sin(q.anim_time*160*1)*0.5+1)",
							"7.6393+15*(math.sin(q.anim_time*90*1)*0.5+1)",
							"-10.9939-25*(math.sin(q.anim_time*90*1)*0.5+1)"
						]
					}
				},
				"arm_right2": {
					"rotation": [0, -75, 0]
				},
				"arm_left": {
					"rotation": {
						"0.0": [
							"-7.8407+15*(math.sin(q.anim_time*120*1)*0.5+1)",
							"4.8905+15*(math.sin(q.anim_time*90*1)*0.5+1)",
							"-25.729+40*(math.sin(q.anim_time*90*1)*0.5+1)"
						],
						"1.4583": ["15*(math.sin(q.anim_time*120*1)*0.5+1)", "15*(math.sin(q.anim_time*90*1)*0.5+1)", "40*(math.sin(q.anim_time*90*1)*0.5+1)"],
						"1.5": [
							"-3.8352+15*(math.sin(q.anim_time*120*1)*0.5+1)",
							"2.2703+15*(math.sin(q.anim_time*90*1)*0.5+1)",
							"-10.4658+40*(math.sin(q.anim_time*90*1)*0.5+1)"
						],
						"1.5417": ["15*(math.sin(q.anim_time*120*1)*0.5+1)", "15*(math.sin(q.anim_time*90*1)*0.5+1)", "40*(math.sin(q.anim_time*90*1)*0.5+1)"],
						"2.5": ["15*(math.sin(q.anim_time*120*1)*0.5+1)", "15*(math.sin(q.anim_time*90*1)*0.5+1)", "40*(math.sin(q.anim_time*90*1)*0.5+1)"],
						"2.5417": [
							"-1.297+15*(math.sin(q.anim_time*120*1)*0.5+1)",
							"1.0723+15*(math.sin(q.anim_time*90*1)*0.5+1)",
							"-7.5354+40*(math.sin(q.anim_time*90*1)*0.5+1)"
						],
						"2.5833": [
							"-2.1775+15*(math.sin(q.anim_time*120*1)*0.5+1)",
							"1.7829+15*(math.sin(q.anim_time*90*1)*0.5+1)",
							"-12.5621+40*(math.sin(q.anim_time*90*1)*0.5+1)"
						],
						"6.5": [
							"-14.4485+15*(math.sin(q.anim_time*120*1)*0.5+1)",
							"11.7532+15*(math.sin(q.anim_time*90*1)*0.5+1)",
							"-11.7573+40*(math.sin(q.anim_time*90*1)*0.5+1)"
						]
					}
				},
				"arm_left2": {
					"rotation": [0, 75, 0]
				},
				"leg_right": {
					"rotation": ["-30-(math.sin(q.anim_time*90*2.5-90)*4+1)", 20, 0],
					"position": [0, "-0.1*(math.sin(q.anim_time*90*2.5-90)*1+1)", "0.1*(math.sin(q.anim_time*90*2.5-90)*1+1)"]
				},
				"leg_right2": {
					"rotation": ["45+(math.sin(q.anim_time*90*2.5-90)*4+1)", 0, 0]
				},
				"leg_left": {
					"rotation": ["-30-(math.sin(q.anim_time*90*2.5-90)*4+1)", -20, 0],
					"position": [0, "-0.1*(math.sin(q.anim_time*90*2.5-90)*1+1)", "0.1*(math.sin(q.anim_time*90*2.5-90)*1+1)"]
				},
				"leg_left2": {
					"rotation": ["45+(math.sin(q.anim_time*90*2.5-90)*4+1)", 0, 0]
				},
				"gem": {
					"rotation": [7.5, 0, 0],
					"position": [0, "-1+(math.sin(q.anim_time*90*2.5-60)*0.2+1)", 0]
				},
				"foot_right": {
					"rotation": [-15, 0, 0]
				},
				"foot_left": {
					"rotation": [-15, 0, 0]
				},
				"finger_right1": {
					"rotation": [0, 0, "1*(math.sin(q.anim_time*260*1)*30+1)"]
				},
				"finger_right2": {
					"rotation": [0, 0, "1*(math.sin(q.anim_time*270*1)*30+1)"]
				},
				"finger_right3": {
					"rotation": [0, 0, "1*(math.sin(q.anim_time*280*1)*30+1)"]
				},
				"finger_left1": {
					"rotation": [0, 0, "1*(math.sin(q.anim_time*260*1)*30+1)"]
				},
				"finger_left2": {
					"rotation": [0, 0, "1*(math.sin(q.anim_time*270*1)*30+1)"]
				},
				"finger_left3": {
					"rotation": [0, 0, "1*(math.sin(q.anim_time*280*1)*30+1)"]
				}
			}
		},
		"animation.sableye.ground_walk": {
			"loop": true,
			"animation_length": 3,
			"bones": {
				"body": {
					"position": {
						"0.0": [0, 1, 0],
						"0.25": [0, -0.3, 0],
						"0.5": [0, 1, 0],
						"0.75": [0, -0.3, 0],
						"1.0": [0, 1, 0],
						"1.25": [0, -0.3, 0],
						"1.5": [0, 1, 0],
						"1.75": [0, -0.3, 0],
						"2.0": [0, 1, 0],
						"2.25": [0, -0.3, 0],
						"2.5": [0, 1, 0],
						"2.75": [0, -0.3, 0],
						"3.0": [0, 1, 0]
					}
				},
				"torso": {
					"rotation": {
						"0.0": ["-5.0508-math.sin(q.anim_time*90*4*2)*2", "7.4712+math.sin(q.anim_time*90*4*2+20)*2", -0.65847],
						"0.5": ["-5.0349-math.sin(q.anim_time*90*4*2)*2", "-7.4714+math.sin(q.anim_time*90*4*2+20)*2", 0.65641],
						"1.0": ["-5.0508-math.sin(q.anim_time*90*4*2)*2", "7.4712+math.sin(q.anim_time*90*4*2+20)*2", -0.65847],
						"1.5": ["-5.0349-math.sin(q.anim_time*90*4*2)*2", "-7.4714+math.sin(q.anim_time*90*4*2+20)*2", 0.65641],
						"2.0": ["-5.0508-math.sin(q.anim_time*90*4*2)*2", "7.4712+math.sin(q.anim_time*90*4*2+20)*2", -0.65847],
						"2.5": ["-5.0349-math.sin(q.anim_time*90*4*2)*2", "-7.4714+math.sin(q.anim_time*90*4*2+20)*2", 0.65641],
						"3.0": ["-5.0508-math.sin(q.anim_time*90*4*2)*2", "7.4712+math.sin(q.anim_time*90*4*2+20)*2", -0.65847]
					},
					"position": [0, 0, 0]
				},
				"arm_right": {
					"rotation": [0.22998, "-20.025+(math.sin(q.anim_time*360)*30)", 12.30371]
				},
				"arm_left": {
					"rotation": [-5.38152, "19.291+(math.sin(q.anim_time*360)*30)", -15.91527]
				},
				"leg_right": {
					"rotation": {
						"0.0": [0, 0, 0],
						"0.25": [-37.5, 0, 0],
						"0.5": [0, 0, 0],
						"0.75": [37.5, 0, 0],
						"1.0": [0, 0, 0],
						"1.25": [-37.5, 0, 0],
						"1.5": [0, 0, 0],
						"1.75": [37.5, 0, 0],
						"2.0": [0, 0, 0],
						"2.25": [-37.5, 0, 0],
						"2.5": [0, 0, 0],
						"2.75": [37.5, 0, 0],
						"3.0": [0, 0, 0]
					}
				},
				"leg_right2": {
					"rotation": {
						"0.0": [80, 0, 0],
						"0.25": [0, 0, 0],
						"0.75": [0, 0, 0],
						"1.0": [80, 0, 0],
						"1.25": [0, 0, 0],
						"1.75": [0, 0, 0],
						"2.0": [80, 0, 0],
						"2.25": [0, 0, 0],